"","Pverr_006","Pverr_007","Pverr_008","Pverr_009","Pverr_106","Pverr_108","Pverr_110","Pverr_112"
"Pver_gene_g7",0,0,0,0,184,91,116,304
"Pver_gene_g11",0,0,40,0,5190,943,1535,5198
"Pver_gene_g12",49,14,20,10,108,42,46,130
"Pver_gene_g42",0,0,0,0,51,74,62,99
"Pver_gene_g69",49,87,88,71,8,0,17,14
"Pver_gene_g68",0,0,0,0,15,33,28,35
"Pver_gene_g67",0,0,0,12,330,100,214,415
"Pver_gene_g71",0,0,0,7,284,67,88,191
"Pver_gene_g43",30,64,80,31,198,99,141,173
"Pver_gene_g49",0,0,0,0,281,101,293,264
"Pver_gene_g51",0,10,0,0,62,45,50,122
"Pver_gene_g54",0,4,6,0,253,143,121,371
"Pver_gene_g19",386,408,609,378,128,30,81,265
"Pver_gene_g22",0,0,0,0,193,30,146,198
"Pver_gene_g24",0,0,0,0,47,22,46,65
"Pver_gene_g27",0,0,0,0,166,40,122,264
"Pver_gene_g30",732,896,1149,683,204,28,195,151
"Pver_gene_g31",0,0,0,0,130,24,88,66
"Pver_novel_gene_3_5de57afd",0,0,0,0,313,26,57,113
"Pver_gene_g32",90,102,151,83,79,31,46,96
"Pver_gene_g34",135,120,139,80,1953,711,710,1718
"Pver_gene_g37",226,343,470,389,139,39,175,116
"Pver_gene_g118",0,0,0,0,30,12,40,129
"Pver_gene_g121",0,0,0,0,52,24,30,101
"Pver_gene_g122",0,25,44,25,261,19,178,569
"Pver_gene_g101",57,49,98,63,34,0,10,4
"Pver_gene_g102",0,0,43,0,3653,855,1822,3224
"Pver_gene_g103",289,256,286,260,59,20,69,110
"Pver_gene_g128",144,213,290,270,0,0,0,0
"Pver_gene_g78",365,404,381,313,0,6,53,42
"Pver_gene_g72",0,0,44,4,9298,1649,3015,9792
"Pver_gene_g75",82,93,109,84,724,210,363,660
"Pver_gene_g76",92,124,80,90,355,135,112,210
"Pver_gene_g77",263,391,369,311,84,9,53,136
"Pver_gene_g79",225,295,249,259,210,60,97,225
"Pver_gene_g86",0,0,0,0,304,79,253,364
"Pver_gene_g91",0,0,0,0,238,169,122,314
"Pver_gene_g92",0,0,0,0,125,67,98,50
"Pver_gene_g93",0,23,28,11,216,45,71,298
"Pver_gene_g99",267,419,491,222,109,9,124,83
"Pver_gene_g100",53,114,146,83,360,190,333,276
"Pver_gene_g135",61,104,103,142,15,0,7,0
"Pver_gene_g132",91,95,77,57,1057,235,323,774
"Pver_gene_g229",241,327,391,242,73,33,75,81
"Pver_gene_g144",418,454,503,380,90,19,55,128
"Pver_gene_g146",0,8,0,0,83,34,107,162
"Pver_gene_g156",0,69,166,59,10713,2059,3834,11147
"Pver_gene_g159",37,64,49,47,189,55,166,268
"Pver_gene_g160",10020,8498,8859,6246,560,15,479,375
"Pver_gene_g161",32,55,56,17,606,161,309,569
"Pver_gene_g165",59,52,33,20,117,70,100,188
"Pver_gene_g172",0,25,17,5,246,31,119,238
"Pver_gene_g173",280,310,317,183,63,0,84,70
"Pver_gene_g175",50,171,92,74,291,119,199,279
"Pver_gene_g177",166,176,198,162,5,8,7,13
"Pver_gene_g180",0,0,10,0,187,109,168,263
"Pver_gene_g186",52,62,74,109,792,126,384,789
"Pver_gene_g188",403,444,585,375,1379,252,505,1465
"Pver_gene_g192",0,0,15,0,144,50,55,117
"Pver_gene_g194",50,67,48,45,133,80,135,145
"Pver_gene_g198",411,543,479,383,128,52,54,98
"Pver_gene_g199",170,197,158,108,463,186,307,814
"Pver_gene_g201",278,260,193,190,118,38,31,134
"Pver_gene_g203",0,0,0,0,62,27,25,78
"Pver_gene_g208",375,608,596,469,415,117,245,392
"Pver_gene_g212",80,91,132,62,1020,333,371,1283
"Pver_gene_g214",161,231,216,122,83,60,84,101
"Pver_gene_g217",0,0,0,0,329,247,90,504
"Pver_gene_g218",0,0,0,0,1951,1621,609,3657
"Pver_gene_g222",440,451,475,382,127,55,63,137
"Pver_gene_g317",375,530,632,378,112,34,117,176
"Pver_gene_g285",20,15,10,11,211,41,73,207
"Pver_gene_g288",28,25,34,49,242,50,90,191
"Pver_gene_g294",0,11,17,8,123,46,153,160
"Pver_gene_g296",108,134,185,117,43,19,57,25
"Pver_gene_g297",461,341,487,255,172,39,80,194
"Pver_gene_g307",288,238,428,271,227,68,87,180
"Pver_gene_g309",42,110,35,55,489,88,207,537
"Pver_gene_g314",622,709,633,483,145,0,60,196
"Pver_gene_g326",0,6,28,0,194,48,84,291
"Pver_gene_g325",0,0,16,8,3131,700,1184,3360
"Pver_gene_g334",10,16,12,11,238,38,116,169
"Pver_gene_g335",2611,3186,2616,2061,249,38,210,273
"Pver_gene_g233",0,0,0,0,58,359,23,379
"Pver_gene_g235",0,0,0,0,36,62,40,56
"Pver_gene_g239",0,0,61,0,5576,5743,4032,4433
"Pver_gene_g240",0,6,0,0,239,147,102,245
"Pver_gene_g243",119,199,180,96,19,13,18,26
"Pver_gene_g244",20,41,67,19,7,0,0,0
"Pver_gene_g245",210,189,253,192,130,19,54,177
"Pver_gene_g247",52,99,48,46,317,146,204,210
"Pver_gene_g248",0,0,0,0,14,23,32,32
"Pver_novel_gene_9_5de57afd",1,0,5,0,241,286,63,167
"Pver_gene_g259",298,365,401,238,73,51,139,88
"Pver_gene_g267",270,312,376,281,119,55,122,109
"Pver_gene_g275",0,0,0,0,23,16,70,25
"Pver_gene_g328",0,0,0,0,465,285,103,221
"Pver_gene_g357",0,0,0,0,129,65,94,130
"Pver_gene_g337",0,8,0,0,309,77,66,198
"Pver_gene_g341",0,0,0,0,172,57,125,216
"Pver_gene_g343",0,0,0,0,29,19,32,35
"Pver_gene_g344",0,0,0,0,16,17,33,34
"Pver_gene_g345",0,0,0,0,256,106,167,425
"Pver_gene_g348",0,0,0,0,17,25,68,81
"Pver_gene_g349",0,0,0,0,244,87,75,516
"Pver_gene_g354",55,77,156,108,341,171,259,309
"Pver_gene_g356",104,200,230,133,2151,1422,629,2541
"Pver_gene_g437",0,8,0,5,131,33,98,152
"Pver_gene_g440",117,93,198,59,493,121,213,403
"Pver_gene_g376",56,41,26,0,574,201,287,530
"Pver_gene_g383",0,10,0,7,131,70,60,134
"Pver_gene_g386",310,229,273,177,116,61,45,76
"Pver_gene_g388",0,0,3,0,162,70,68,161
"Pver_gene_g393",289,186,304,217,36,0,12,21
"Pver_gene_g394",37,40,30,47,362,99,94,322
"Pver_gene_g395",190,225,296,210,37,0,22,29
"Pver_gene_g397",222,257,277,333,198,64,82,245
"Pver_gene_g398",45,41,56,16,359,168,231,455
"Pver_gene_g407",0,33,14,25,93,133,176,123
"Pver_gene_g408",0,3,2,0,263,23,197,320
"Pver_gene_g409",56,56,67,54,19,5,15,3
"Pver_gene_g412",33,48,0,32,306,128,178,305
"Pver_gene_g414",0,0,39,0,7382,1617,2818,7746
"Pver_gene_g415",0,0,0,0,47,17,55,68
"Pver_gene_g416",72,29,79,44,252,210,158,316
"Pver_gene_g420",1160,1472,1621,1038,174,152,158,130
"Pver_gene_g421",311,362,407,379,1774,252,512,1351
"Pver_gene_g423",838,1089,940,680,832,218,472,781
"Pver_gene_g424",41,24,22,0,307,69,128,296
"Pver_gene_g425",1359,1587,2092,1466,5025,1239,2351,5177
"Pver_gene_g552",73,64,68,29,0,5,6,0
"Pver_gene_g554",0,0,0,0,419,89,169,416
"Pver_gene_g539",2190,2842,3131,1977,316,65,252,363
"Pver_gene_g543",85,119,235,97,59,18,20,40
"Pver_gene_g605",125,120,128,80,493,65,158,563
"Pver_gene_g556",27,25,9,14,847,162,333,869
"Pver_gene_g557",0,10,11,25,212,26,54,191
"Pver_gene_g564",27,0,34,0,473,210,267,383
"Pver_gene_g571",9,16,23,40,96,23,61,127
"Pver_gene_g572",278,425,405,193,41,20,16,48
"Pver_gene_g573",122,279,235,250,76,5,27,74
"Pver_gene_g574",228,291,209,252,214,35,110,178
"Pver_gene_g577",0,18,32,21,151,52,123,103
"Pver_gene_g608",242,194,274,201,25,0,60,16
"Pver_gene_g595",0,0,0,0,81,17,40,22
"Pver_gene_g604",0,0,0,0,38,71,63,44
"Pver_gene_g610",753,694,801,541,35,0,23,49
"Pver_gene_g614",0,0,0,0,271,27,53,244
"Pver_gene_g463",42,32,61,64,0,0,0,0
"Pver_gene_g478",84,56,81,62,0,0,10,10
"Pver_gene_g443",0,0,0,0,35,25,13,127
"Pver_gene_g447",13,0,13,20,125,72,81,186
"Pver_gene_g448",300,272,347,157,64,21,45,47
"Pver_gene_g454",237,504,446,376,46,13,18,38
"Pver_novel_gene_14_5de57afd",0,0,0,0,77,33,50,82
"Pver_gene_g461",20,31,15,15,199,60,77,84
"Pver_gene_g469",0,0,0,0,67,34,27,97
"Pver_gene_g474",133,164,160,85,54,0,27,26
"Pver_gene_g477",124,169,138,86,471,76,158,453
"Pver_gene_g483",0,21,15,10,124,36,58,149
"Pver_gene_g493",67,40,34,32,2411,490,896,2223
"Pver_gene_g499",241,237,264,154,132,60,66,133
"Pver_gene_g511",52,83,97,73,460,126,203,440
"Pver_gene_g617",0,0,0,0,31,15,26,12
"Pver_gene_g716",114,83,104,67,51,28,24,64
"Pver_gene_g720",247,397,414,315,23,16,19,45
"Pver_gene_g723",212,373,505,341,70,14,64,60
"Pver_gene_g724",0,0,0,0,389,492,372,579
"Pver_gene_g734",170,213,230,160,147,15,85,139
"Pver_gene_g736",63,99,95,51,17,0,29,11
"Pver_gene_g737",42,52,59,25,410,106,182,356
"Pver_gene_g738",0,0,0,0,118,69,85,120
"Pver_gene_g619",0,0,0,0,813,462,109,769
"Pver_gene_g623",893,753,752,497,204,71,75,177
"Pver_gene_g626",71,66,134,98,307,82,132,309
"Pver_gene_g630",3079,1928,2692,1627,13,0,0,0
"Pver_gene_g634",0,44,35,24,315,42,267,372
"Pver_gene_g647",27,26,18,44,70,37,121,123
"Pver_gene_g652",0,0,0,0,102,112,110,96
"Pver_gene_g654",875,891,1190,827,61,0,33,106
"Pver_gene_g751",77,90,128,167,32,18,46,26
"Pver_gene_g749",293,253,347,201,99,23,71,68
"Pver_gene_g745",532,766,772,583,1305,502,736,1239
"Pver_gene_g746",211,184,245,124,88,39,68,60
"Pver_gene_g759",56,56,37,27,6,0,8,25
"Pver_gene_g768",11,13,45,28,157,40,65,125
"Pver_gene_g680",732,575,785,446,28,0,18,0
"Pver_gene_g686",0,0,15,0,139,44,76,252
"Pver_gene_g689",199,327,288,139,211,25,38,74
"Pver_gene_g690",282,268,376,353,98,71,44,137
"Pver_novel_gene_27_5de57afd",0,0,0,0,35,16,75,18
"Pver_gene_g698",0,0,0,0,29,19,13,68
"Pver_gene_g702",0,0,0,0,116,34,34,42
"Pver_gene_g706",0,0,0,0,29,17,36,40
"Pver_gene_g709",1013,1449,1402,944,87,11,87,101
"Pver_gene_g796",626,710,724,517,0,0,0,0
"Pver_gene_g801",631,440,600,315,0,0,0,8
"Pver_gene_g809",18,28,32,22,0,0,4,0
"Pver_gene_g775",0,0,0,0,42,16,54,35
"Pver_gene_g776",0,0,0,0,109,22,61,99
"Pver_gene_g777",178,127,170,81,83,18,50,65
"Pver_gene_g781",33,46,101,63,680,125,171,429
"Pver_gene_g782",163,132,241,161,38,8,44,52
"Pver_gene_g784",0,0,0,0,84,33,81,178
"Pver_gene_g787",5,0,30,0,268,159,220,229
"Pver_gene_g788",0,0,0,0,104,38,70,139
"Pver_gene_g790",299,446,344,236,237,55,105,160
"Pver_gene_g793",0,5,0,0,166,71,96,166
"Pver_gene_g794",299,232,308,290,10236,1484,3361,10282
"Pver_gene_g800",109,137,119,93,326,173,188,456
"Pver_gene_g803",22,39,38,15,122,119,129,167
"Pver_gene_g816",0,42,73,22,158,163,504,153
"Pver_gene_g878",28,41,36,28,111,29,72,77
"Pver_gene_g876",0,25,35,0,761,207,328,900
"Pver_gene_g879",78,128,161,112,347,125,159,292
"Pver_gene_g890",0,0,0,0,80,15,36,146
"Pver_gene_g894",0,0,0,0,42,41,48,44
"Pver_gene_g898",0,0,9,0,373,131,180,313
"Pver_gene_g905",0,0,0,0,55,34,74,33
"Pver_gene_g919",38,0,15,0,1231,384,406,879
"Pver_gene_g923",210,289,318,186,1278,533,619,1436
"Pver_gene_g827",0,0,0,0,331,54,111,397
"Pver_gene_g835",88,116,155,80,44,4,16,69
"Pver_gene_g836",259,281,323,190,129,35,78,207
"Pver_gene_g841",121,134,164,68,388,93,221,262
"Pver_gene_g843",0,14,0,0,51,40,71,102
"Pver_gene_g845",604,618,809,698,209,55,161,276
"Pver_gene_g846",449,362,378,266,154,117,163,204
"Pver_gene_g848",0,0,0,0,50,13,44,71
"Pver_gene_g850",0,0,0,0,323,33,158,146
"Pver_gene_g855",0,12,19,0,288,214,121,418
"Pver_gene_g862",216,123,146,113,48,14,22,63
"Pver_gene_g863",13,40,65,41,294,137,116,529
"Pver_gene_g864",420,435,381,375,1308,277,735,1656
"Pver_gene_g867",0,28,28,37,291,113,193,268
"Pver_gene_g961",187,115,89,107,40,0,0,9
"Pver_gene_g926",0,0,0,0,114,35,41,171
"Pver_gene_g938",194,141,224,218,87,43,114,118
"Pver_gene_g941",0,0,0,0,59,32,40,82
"Pver_gene_g943",144,124,79,66,399,128,247,550
"Pver_gene_g945",0,0,0,0,37,54,64,23
"Pver_gene_g965",282,289,413,348,45,15,50,38
"Pver_gene_g973",0,0,0,0,46,15,14,49
"Pver_gene_g975",437,525,680,414,493,119,279,453
"Pver_gene_g977",260,489,260,255,29,0,41,16
"Pver_gene_g946",0,36,37,21,454,234,227,474
"Pver_gene_g950",238,253,347,201,139,15,73,138
"Pver_gene_g951",459,604,590,318,52,10,36,44
"Pver_gene_g1032",556,866,1379,960,201,86,167,304
"Pver_gene_g1038",28,65,31,49,166,82,108,303
"Pver_gene_g1045",49,62,21,55,250,254,84,160
"Pver_gene_g1056",0,0,21,0,888,61,434,1413
"Pver_gene_g1060",0,0,0,0,164,41,109,133
"Pver_gene_g1063",456,740,589,523,50,14,63,61
"Pver_gene_g1047",34,85,126,78,221,85,203,291
"Pver_gene_g1049",25,24,12,15,343,69,145,292
"Pver_gene_g1050",422,646,592,452,140,177,92,203
"Pver_gene_g1051",31,25,64,43,250,50,122,225
"Pver_gene_g1069",850,1012,969,596,344,111,236,332
"Pver_gene_g1071",380,499,764,463,106,20,133,112
"Pver_gene_g1074",0,0,0,0,409,388,70,483
"Pver_gene_g1092_gene_g1093",0,0,0,0,60,37,23,26
"Pver_gene_g992",235,302,314,143,170,58,120,181
"Pver_gene_g994",0,0,0,0,117,25,64,135
"Pver_gene_g999",38,76,91,59,250,102,110,411
"Pver_gene_g1004",302,289,366,290,246,27,121,96
"Pver_gene_g1006",0,8,31,24,1180,524,364,1156
"Pver_gene_g1011",0,22,30,16,137,60,108,70
"Pver_gene_g1012",433,720,456,264,73,25,30,0
"Pver_gene_g1019",0,9,0,0,184,66,103,170
"Pver_gene_g1021",17,10,23,13,1247,175,633,2296
"Pver_gene_g1031",94,115,123,34,1470,678,1326,1415
"Pver_gene_g1134",0,0,0,0,57,23,64,98
"Pver_gene_g1133",0,0,3,0,33,15,15,33
"Pver_gene_g1135",0,4,3,0,52,49,46,78
"Pver_gene_g1168",673,1044,1193,772,324,119,191,437
"Pver_gene_g1147",635,460,495,358,1392,656,826,1461
"Pver_gene_g1148",188,385,293,288,127,36,150,128
"Pver_gene_g1150",206,254,233,191,811,201,270,727
"Pver_gene_g1151",232,190,338,300,115,13,34,68
"Pver_novel_gene_47_5de57afd",4,0,0,0,212,94,101,168
"Pver_gene_g1154",61,34,67,34,284,63,67,267
"Pver_gene_g1243",182,170,221,156,35,15,12,76
"Pver_gene_g1246",167,216,226,126,59,25,30,102
"Pver_gene_g1245",158,158,303,150,1159,313,283,1188
"Pver_gene_g1095",39,41,66,42,189,76,193,224
"Pver_gene_g1101",0,0,0,0,191,43,140,184
"Pver_gene_g1103",0,0,0,0,38,17,25,31
"Pver_gene_g1104",0,0,20,0,554,56,1141,562
"Pver_gene_g1106",329,458,623,458,1536,526,2952,1377
"Pver_gene_g1115",355,328,321,239,149,12,92,87
"Pver_gene_g1118",203,268,236,182,615,145,212,634
"Pver_gene_g1130",52,28,83,22,162,60,246,287
"Pver_gene_g1213",102,189,256,146,0,17,23,32
"Pver_gene_g1177",0,15,22,0,224,76,67,200
"Pver_gene_g1187",2328,2671,3076,2163,479,129,358,534
"Pver_gene_g1189",81,42,47,61,268,43,126,327
"Pver_gene_g1196",154,172,173,118,132,25,46,116
"Pver_gene_g1197",0,7,14,8,253,68,107,278
"Pver_gene_g1201",38,17,7,8,287,28,116,279
"Pver_gene_g1202",94,83,123,62,29,12,9,40
"Pver_gene_g1203",468,309,249,179,33,0,31,48
"Pver_gene_g1207",218,227,261,209,129,29,74,126
"Pver_gene_g1211",154,157,99,63,1269,216,382,1218
"Pver_novel_gene_54_5de57afd",0,0,0,0,81,27,42,70
"Pver_gene_g1229",0,0,0,0,248,30,123,310
"Pver_gene_g1236",20,32,23,32,288,97,177,242
"Pver_gene_g1239",0,0,0,0,71,21,24,19
"Pver_novel_gene_53_5de57afd",0,0,0,0,214,37,42,183
"Pver_gene_g1292",724,577,778,382,87,31,46,95
"Pver_gene_g1295",132,128,118,98,387,165,250,296
"Pver_gene_g1299",0,0,0,0,193,32,134,227
"Pver_gene_g1301",305,300,298,192,167,61,108,79
"Pver_gene_g1273",83,55,69,24,0,0,0,0
"Pver_gene_g1255",118,118,132,82,646,126,146,476
"Pver_gene_g1257",0,0,0,0,151,71,93,59
"Pver_gene_g1258",0,0,0,0,138,68,207,229
"Pver_gene_g1260",0,0,0,0,36,15,53,97
"Pver_gene_g1267",0,24,151,18,14592,2140,4008,15694
"Pver_gene_g1268",0,13,9,0,127,81,150,145
"Pver_gene_g1271",241,257,265,167,18,5,11,9
"Pver_gene_g1276",1046,1706,1457,992,89,0,39,89
"Pver_gene_g1351",121,205,294,226,989,232,234,872
"Pver_gene_g1315",115,171,122,162,0,0,6,0
"Pver_gene_g1327",184,144,96,63,0,0,0,0
"Pver_gene_g1343",24,29,50,25,0,0,0,0
"Pver_gene_g1302",206,255,299,236,71,0,27,17
"Pver_gene_g1305",0,0,0,0,37,12,26,18
"Pver_gene_g1309",42,22,25,26,547,127,167,353
"Pver_gene_g1311",96,135,112,65,1135,344,494,1109
"Pver_gene_g1313",83,84,80,64,168,68,224,210
"Pver_gene_g1314",89,52,82,52,337,51,99,173
"Pver_gene_g1321",31,21,12,25,144,24,70,74
"Pver_gene_g1332",9,0,0,0,60,44,55,65
"Pver_gene_g1333",103,204,217,177,395,247,257,364
"Pver_gene_g1334",0,0,0,0,39,38,31,42
"Pver_gene_g1336",0,0,0,0,60,29,46,56
"Pver_gene_g1338",0,0,0,0,164,101,156,195
"Pver_gene_g1340",0,0,0,0,136,46,18,120
"Pver_gene_g1341",367,432,444,277,908,253,483,1021
"Pver_gene_g1342",42,50,16,56,265,92,136,191
"Pver_gene_g1346",35,23,30,24,81,27,46,137
"Pver_gene_g1348",122,151,148,80,21,16,28,49
"Pver_gene_g1427",0,0,0,8,217,92,123,261
"Pver_gene_g1429",248,309,328,327,170,56,74,217
"Pver_gene_g1432",0,9,8,0,36,26,33,35
"Pver_gene_g1446",219,404,261,219,904,467,723,922
"Pver_gene_g1447",322,251,271,195,113,40,125,126
"Pver_gene_g1440",0,72,91,40,6795,1579,2964,7118
"Pver_gene_g1444",0,0,0,0,1135,511,377,1290
"Pver_gene_g1449",0,0,0,10,76,43,59,132
"Pver_gene_g1452",0,3,19,0,207,125,150,124
"Pver_gene_g1362",55,124,61,63,0,0,0,0
"Pver_gene_g1357",0,17,0,0,194,73,115,141
"Pver_gene_g1363",20,34,78,23,14003,2584,4107,13700
"Pver_gene_g1368",86,127,141,76,44,13,28,59
"Pver_gene_g1370",0,0,0,0,35,26,32,28
"Pver_gene_g1373",0,23,11,17,277,96,107,293
"Pver_gene_g1375",298,179,206,152,39,20,79,65
"Pver_gene_g1377",0,5,0,0,20,12,33,22
"Pver_gene_g1387",0,0,0,0,57,16,122,152
"Pver_gene_g1396",103,82,160,58,8503,725,4052,9647
"Pver_gene_g1397",443,302,292,185,16,0,20,24
"Pver_gene_g1400",147,266,302,253,131,36,82,179
"Pver_gene_g1415",0,0,0,0,95,33,41,148
"Pver_gene_g1465",30,29,48,33,140,40,115,112
"Pver_gene_g1473",2381,2532,2580,1774,106,14,89,102
"Pver_gene_g1476",113,219,146,133,34,4,26,16
"Pver_gene_g1468",66,80,181,103,422,266,560,546
"Pver_gene_g1460",181,136,149,146,488,287,601,554
"Pver_gene_g1461",0,5,0,0,33,37,89,27
"Pver_gene_g1545",46,100,166,80,861,116,327,1056
"Pver_gene_g1546",0,0,0,0,325,99,292,283
"Pver_gene_g1549",31,10,0,16,123,74,199,117
"Pver_gene_g1552",0,0,0,0,106,52,86,196
"Pver_gene_g1555",184,108,123,59,47,9,46,50
"Pver_gene_g1558",300,280,443,253,182,70,117,188
"Pver_gene_g1579",0,13,16,13,107,26,59,84
"Pver_gene_g1580",314,427,380,182,198,42,105,91
"Pver_gene_g1482",67,60,67,42,0,0,0,0
"Pver_gene_g1479",128,138,309,165,713,130,309,618
"Pver_gene_g1483",48,53,37,21,190,58,70,193
"Pver_gene_g1485",0,0,0,0,56,39,113,34
"Pver_gene_g1486",107,140,149,156,83,15,65,79
"Pver_gene_g1489",200,144,197,114,3977,931,1617,3792
"Pver_gene_g1490",441,456,649,326,33380,7355,9390,29908
"Pver_gene_g1493",41,30,42,9,220,39,96,116
"Pver_gene_g1495",19,6,18,0,193,11,190,268
"Pver_gene_g1515",0,2,4,0,36,12,39,28
"Pver_gene_g1637",245,276,239,240,60,18,42,81
"Pver_gene_g1631",1063,1042,1290,1009,0,16,0,0
"Pver_gene_g1630",359,655,661,452,121,23,88,56
"Pver_gene_g1640",96,116,133,113,588,153,248,526
"Pver_gene_g1675",122,140,140,119,87,27,39,40
"Pver_gene_g1660",0,0,0,0,37,15,37,46
"Pver_gene_g1663",188,120,146,78,53,10,22,74
"Pver_gene_g1664",226,228,282,206,166,13,49,131
"Pver_gene_g1666",51,23,30,40,525,133,241,508
"Pver_gene_g1581",1028,665,632,420,56,34,62,64
"Pver_novel_gene_63_5de57afd",0,0,0,0,119,23,24,91
"Pver_gene_g1587",34,36,34,66,300,124,248,372
"Pver_gene_g1592",265,249,264,150,107,23,59,37
"Pver_gene_g1597",0,0,0,0,121,49,110,371
"Pver_gene_g1602",24,14,10,0,78,20,78,91
"Pver_gene_g1603",466,479,490,410,219,31,85,196
"Pver_gene_g1606",84,56,95,33,206,63,139,358
"Pver_gene_g1609",324,301,216,214,185,32,59,110
"Pver_gene_g1610",193,142,113,78,29,6,19,28
"Pver_gene_g1692",0,2,0,2,130,23,93,78
"Pver_gene_g1693",447,408,375,269,33,17,47,31
"Pver_gene_g1688",14,0,0,0,159,22,81,110
"Pver_gene_g1695",58,33,91,70,205,153,142,224
"Pver_gene_g1707",753,1096,1015,904,368,171,270,393
"Pver_gene_g1721",32,44,60,44,0,0,0,0
"Pver_novel_gene_71_5de57afd",0,12,28,20,375,177,240,416
"Pver_gene_g1755",281,310,290,227,45,25,103,78
"Pver_gene_g1756",225,254,251,215,52,11,33,45
"Pver_gene_g1761",0,0,0,0,212,86,111,143
"Pver_gene_g1763",0,0,0,0,55,28,61,99
"Pver_gene_g1766",150,106,92,68,68,15,20,77
"Pver_gene_g1769",337,373,352,273,198,26,78,143
"Pver_gene_g1731",137,147,204,196,5851,786,957,11108
"Pver_gene_g1738",0,0,0,0,116,11,198,339
"Pver_gene_g1747",95,83,100,59,13,20,33,31
"Pver_gene_g1749",295,362,453,323,4634,1354,1549,4253
"Pver_gene_g1858",207,166,166,103,321,327,278,350
"Pver_gene_g1862",0,0,16,6,267,71,124,411
"Pver_gene_g1829",0,2,0,0,81,22,34,70
"Pver_gene_g1834",7,21,21,55,125,32,161,168
"Pver_gene_g1837",634,939,1296,710,414,138,358,627
"Pver_gene_g1863",0,0,0,0,16,24,11,25
"Pver_gene_g1861",1886,2320,2367,1460,570,207,250,422
"Pver_gene_g1790",818,1060,1491,1056,320,66,135,288
"Pver_gene_g1792",120,161,158,168,963,154,336,912
"Pver_gene_g1796",80,133,135,104,67,20,68,81
"Pver_gene_g1799",258,228,196,118,67,25,38,109
"Pver_gene_g1800",496,553,643,311,441,134,277,444
"Pver_gene_g1801",128,150,249,141,13219,2744,4499,14267
"Pver_gene_g1867",234,215,254,170,149,33,105,67
"Pver_gene_g1872",9533,9264,12757,10619,6223,1327,3457,8118
"Pver_gene_g1906",322,212,236,205,190,40,118,190
"Pver_gene_g1912",122,103,99,67,21,7,30,9
"Pver_gene_g1915",0,14,34,24,176,26,92,185
"Pver_gene_g1917",202,217,248,195,1189,197,530,1395
"Pver_gene_g1877",74,42,60,45,0,0,0,7
"Pver_gene_g1884",0,19,32,0,481,204,223,435
"Pver_gene_g1885",83,111,102,41,503,169,189,430
"Pver_gene_g1926",0,0,0,0,25,16,37,50
"Pver_gene_g1930",6,13,7,7,112,45,45,106
"Pver_gene_g1931",0,0,0,0,46,84,32,114
"Pver_gene_g1952",0,0,0,0,33,16,61,66
"Pver_gene_g1966",0,14,0,0,362,69,106,341
"Pver_gene_g1968",95,97,109,67,514,162,211,457
"Pver_gene_g1974",377,761,834,712,96,0,39,101
"Pver_gene_g1947",0,0,0,0,71,70,103,118
"Pver_gene_g1950",31,27,20,29,128,58,42,107
"Pver_gene_g1951",140,179,222,170,1305,456,878,1247
"Pver_gene_g2018",58,122,64,46,376,222,264,375
"Pver_gene_g2064",24,52,39,21,263,62,87,170
"Pver_gene_g1993",141,131,150,90,0,0,0,31
"Pver_gene_g1994",1298,1509,1851,1665,675,214,375,528
"Pver_gene_g1999",185,261,327,214,1385,342,722,2177
"Pver_gene_g2012",170,228,206,171,646,211,233,486
"Pver_novel_gene_83_5de57afd",0,0,15,0,123,16,51,143
"Pver_gene_g2028",52,71,78,69,368,109,190,514
"Pver_gene_g2029",0,16,12,0,157,121,149,211
"Pver_gene_g2031",0,0,0,0,50,69,22,96
"Pver_gene_g2033",94,91,176,57,504,178,294,443
"Pver_gene_g2034",16,33,28,20,243,75,88,183
"Pver_gene_g2035",557,658,482,332,231,53,108,246
"Pver_gene_g2083",149,107,195,117,40,10,16,17
"Pver_gene_g2091",0,0,0,0,127,32,113,306
"Pver_gene_g2070",340,318,404,254,0,0,11,0
"Pver_gene_g2069",0,0,12,0,112,25,173,152
"Pver_gene_g2076",295,286,276,269,279,74,122,180
"Pver_gene_g2098",0,0,0,0,91,39,42,183
"Pver_gene_g2057",369,374,295,295,0,0,5,15
"Pver_gene_g2040",0,0,0,0,71,24,12,58
"Pver_gene_g2045",0,0,0,0,471,198,156,315
"Pver_gene_g2047",0,15,32,17,102,63,101,156
"Pver_gene_g2048",161,142,143,102,342,107,210,262
"Pver_gene_g2049",0,6,0,8,294,46,77,274
"Pver_gene_g2053",0,0,0,0,33,24,18,21
"Pver_gene_g2055",270,91,64,55,36,8,21,31
"Pver_gene_g2060",0,9,3,0,34,15,53,12
"Pver_gene_g2149",0,0,0,0,110,66,50,108
"Pver_gene_g2161",41,63,63,44,20,0,14,30
"Pver_gene_g2166",472,842,849,725,362,99,120,211
"Pver_gene_g2106",526,465,604,320,222,37,97,243
"Pver_gene_g2107",223,284,344,236,42,9,67,30
"Pver_gene_g2108",464,603,739,427,5785,1244,2334,5694
"Pver_gene_g2116",47,96,63,70,13,0,12,26
"Pver_gene_g2118",10,38,57,14,166,30,66,194
"Pver_gene_g2119",340,333,316,280,132,47,131,111
"Pver_gene_g2120",231,278,368,232,82,57,181,114
"Pver_gene_g2123",220,315,206,192,17,37,63,16
"Pver_gene_g2125",0,73,151,69,6933,1446,2252,6956
"Pver_gene_g2170",105,122,128,108,61,19,18,10
"Pver_gene_g2196",163,86,149,87,0,0,4,0
"Pver_gene_g2201",197,253,304,134,43,9,47,75
"Pver_gene_g2202",314,315,477,363,112,29,136,145
"Pver_gene_g2174",58,105,79,83,537,448,439,685
"Pver_gene_g2177",524,637,617,420,219,56,114,307
"Pver_gene_g2178",0,0,0,0,59,17,34,53
"Pver_gene_g2209",85,65,92,61,211,140,242,150
"Pver_gene_g2210",17,39,63,13,225,57,151,154
"Pver_gene_g2212",157,136,177,81,94,30,59,91
"Pver_gene_g2214",186,210,272,215,170,34,51,119
"Pver_gene_g2221",364,475,544,422,331,117,165,383
"Pver_gene_g2223",0,0,0,0,55,30,35,32
"Pver_gene_g2229",7,43,47,37,635,146,236,609
"Pver_gene_g2232",75,223,222,119,425,247,301,398
"Pver_gene_g2233",97,46,54,86,12,0,7,0
"Pver_gene_g2235",0,0,0,0,431,246,417,509
"Pver_gene_g2239",0,0,20,0,4697,288,2548,4716
"Pver_gene_g2241",0,0,0,0,57,36,28,43
"Pver_gene_g2242",0,7,74,9,6569,2018,3556,5771
"Pver_gene_g2245",310,220,254,135,53,0,36,53
"Pver_gene_g2247",324,435,379,188,1267,669,490,1238
"Pver_gene_g2350",0,0,0,0,20,28,44,34
"Pver_gene_g2351",0,0,0,0,66,55,81,44
"Pver_gene_g2355",0,0,0,0,38,20,25,11
"Pver_gene_g2357",0,0,10,0,631,125,303,679
"Pver_gene_g2367",23,79,57,65,195,77,158,280
"Pver_gene_g2384",153,193,210,75,26,8,31,58
"Pver_gene_g2342",842,1105,1219,1052,833,107,229,628
"Pver_gene_g2345",0,6,12,15,112,12,67,77
"Pver_gene_g2347",0,0,0,0,47,34,77,75
"Pver_gene_g2390",0,0,0,0,141,78,116,121
"Pver_gene_g2391",0,0,0,0,70,62,32,82
"Pver_gene_g2392",0,11,5,0,201,72,143,236
"Pver_gene_g2393",0,17,0,3,128,54,84,134
"Pver_gene_g2369",285,235,291,168,52,49,47,85
"Pver_gene_g2378",138,84,105,82,53,13,35,20
"Pver_gene_g2267",541,553,825,624,0,0,0,0
"Pver_gene_g2273",244,291,241,171,0,11,33,12
"Pver_gene_g2307",58,60,19,38,0,2,5,2
"Pver_gene_g2313",40,39,31,26,0,0,0,0
"Pver_gene_g2316",173,107,152,108,0,0,0,11
"Pver_gene_g2255",561,582,704,512,277,60,208,272
"Pver_gene_g2256",142,92,96,28,371,192,208,357
"Pver_gene_g2259",0,10,24,33,291,49,123,164
"Pver_gene_g2261",25,28,15,13,154,14,60,128
"Pver_gene_g2265",10,18,30,27,98,37,87,173
"Pver_gene_g2271",0,0,0,0,22,12,24,27
"Pver_gene_g2274",88,76,82,67,68,11,36,27
"Pver_gene_g2278",9,18,40,13,470,75,123,270
"Pver_gene_g2280",1514,1607,1869,1186,531,238,287,456
"Pver_gene_g2282",0,0,0,0,83,65,31,216
"Pver_gene_g2283",24,57,69,41,19,7,14,20
"Pver_gene_g2290",0,0,0,0,629,212,284,560
"Pver_gene_g2291",308,255,417,184,48,0,46,89
"Pver_gene_g2295",46,78,80,40,942,302,375,972
"Pver_gene_g2296",613,565,412,294,304,128,157,238
"Pver_gene_g2308",147,112,134,72,66,7,38,32
"Pver_gene_g2441",31,44,42,37,239,44,108,192
"Pver_gene_g2469",0,29,61,17,1247,838,640,2120
"Pver_novel_gene_105_5de57afd",527,233,321,251,0,0,0,0
"Pver_gene_g2398",0,0,0,0,42,94,468,105
"Pver_gene_g2399",2582,2911,3217,2494,289,74,240,389
"Pver_gene_g2400",119,126,191,121,651,172,166,608
"Pver_gene_g2402",123,213,198,211,74,18,29,74
"Pver_gene_g2404",0,9,11,4,471,75,142,411
"Pver_gene_g2405",264,289,517,211,237,49,110,301
"Pver_gene_g2406",0,0,0,0,505,197,221,446
"Pver_gene_g2408",0,0,9,0,104,94,60,177
"Pver_gene_g2409",0,20,28,36,138,64,106,159
"Pver_gene_g2411",481,426,445,348,128,51,65,125
"Pver_gene_g2412",84,109,157,93,58,24,43,95
"Pver_gene_g2413",299,366,482,313,124,13,60,119
"Pver_gene_g2418",433,397,428,266,65,21,37,56
"Pver_gene_g2419",15,39,62,94,20,0,3,11
"Pver_gene_g2421",294,258,204,197,1,7,18,6
"Pver_gene_g2452",104,81,107,75,326,104,137,308
"Pver_gene_g2467",1234,1558,1335,1147,393,157,251,327
"Pver_gene_g2511",263,391,388,297,129,31,74,193
"Pver_gene_g2514",60,93,126,77,84,12,26,35
"Pver_gene_g2506",25,30,37,29,0,0,0,0
"Pver_gene_g2476",0,0,0,0,21,14,42,64
"Pver_gene_g2488",70,51,37,26,127,49,128,178
"Pver_gene_g2491",0,0,0,0,809,277,351,657
"Pver_gene_g2492",237,218,292,134,91,25,75,119
"Pver_gene_g2493",0,0,0,0,27,11,25,92
"Pver_gene_g2494",631,612,439,209,201,46,105,119
"Pver_gene_g2495",278,420,416,174,1364,370,590,1376
"Pver_gene_g2496",0,0,0,0,36,12,30,36
"Pver_gene_g2498",0,0,0,0,205,62,53,171
"Pver_gene_g2504",416,401,390,286,86,27,62,40
"Pver_gene_g2510",325,341,415,103,8372,5633,8270,10004
"Pver_gene_g2523",0,0,0,0,93,22,55,71
"Pver_gene_g2530",25,63,219,45,13217,3473,4665,13930
"Pver_gene_g2531",361,498,534,538,374,86,307,400
"Pver_gene_g2533",0,0,0,0,30,22,83,39
"Pver_gene_g2535",0,0,0,0,32,53,85,89
"Pver_gene_g2591",0,0,0,0,19,14,48,27
"Pver_gene_g2598",0,0,17,0,728,372,537,1255
"Pver_gene_g2599",0,0,0,0,115,44,54,121
"Pver_gene_g2600",310,487,588,443,156,17,83,233
"Pver_gene_g2629",0,0,0,0,73,95,52,76
"Pver_gene_g2630",0,0,0,0,36,32,14,61
"Pver_gene_g2632",0,0,0,0,285,137,87,194
"Pver_gene_g2547",70,23,78,29,0,0,0,0
"Pver_gene_g2543",0,16,4,0,57,14,66,68
"Pver_gene_g2544",0,0,0,0,41,15,56,29
"Pver_gene_g2548",0,9,10,0,258,173,107,142
"Pver_gene_g2550",171,136,164,129,44,5,20,8
"Pver_gene_g2552",57,69,90,64,283,71,84,266
"Pver_gene_g2556",0,7,6,7,21,15,40,90
"Pver_gene_g2559",84,61,24,31,170,84,100,200
"Pver_gene_g2564",0,0,0,0,249,72,112,179
"Pver_gene_g2569",50,88,79,70,156,46,119,165
"Pver_gene_g2572",198,259,294,222,255,41,97,154
"Pver_gene_g2575",0,20,0,24,244,78,156,215
"Pver_gene_g2637",0,3,0,0,72,22,39,91
"Pver_gene_g2642",39,30,76,29,385,134,165,419
"Pver_gene_g2641",1121,1238,1388,1004,863,173,204,935
"Pver_gene_g2605",230,233,314,236,530,203,377,617
"Pver_gene_g2610",507,510,555,349,225,57,66,121
"Pver_gene_g2649",47,31,61,36,312,75,124,193
"Pver_gene_g2650",373,374,563,381,175,91,110,234
"Pver_gene_g2658",81,56,91,76,271,45,127,311
"Pver_gene_g2659",0,0,0,0,60,33,45,46
"Pver_gene_g2686",0,0,0,0,59,75,78,38
"Pver_gene_g2691",12,31,30,12,0,0,2,0
"Pver_gene_g2696",0,0,0,0,13,11,19,15
"Pver_gene_g2672",0,0,12,0,355,92,282,600
"Pver_gene_g2677",0,0,21,0,68,70,242,64
"Pver_gene_g2678",0,0,0,0,236,90,125,428
"Pver_gene_g2711",0,0,0,0,64,39,39,63
"Pver_gene_g2723",0,0,0,0,27,31,72,30
"Pver_gene_g2784",0,0,0,0,35,38,16,32
"Pver_gene_g2785",0,26,18,4,156,46,148,300
"Pver_gene_g2797",133,134,171,93,8,6,14,42
"Pver_gene_g2799",0,0,0,0,148,26,81,71
"Pver_gene_g2802",15,23,59,26,266,56,138,174
"Pver_gene_g2803",0,11,9,7,40,45,45,55
"Pver_novel_gene_124_5de57afd",293,419,401,270,200,53,146,122
"Pver_gene_g2817",151,212,112,88,1260,488,851,1916
"Pver_gene_g2823",102,110,105,65,9,8,19,0
"Pver_gene_g2824",161,226,241,190,29,15,20,19
"Pver_gene_g2732",106,131,120,101,0,0,4,0
"Pver_gene_g2725",423,586,691,401,199,103,132,232
"Pver_gene_g2726",0,0,9,0,134,20,50,108
"Pver_gene_g2733",3733,4002,2836,2134,1092,505,1097,1095
"Pver_gene_g2737",0,15,0,0,74,34,62,82
"Pver_gene_g2741",0,0,0,0,543,208,186,622
"Pver_gene_g2743",147,123,151,68,32,17,38,82
"Pver_gene_g2749",0,0,0,0,43,12,39,55
"Pver_gene_g2750",0,0,0,0,76,56,47,67
"Pver_gene_g2751",281,243,238,133,110,16,17,92
"Pver_gene_g2752",98,89,112,45,289,71,147,274
"Pver_gene_g2753",26,43,42,39,164,53,62,144
"Pver_gene_g2755",0,0,0,0,67,15,32,26
"Pver_gene_g2756",73,31,60,42,21,0,13,14
"Pver_gene_g2771",138,236,269,240,94,23,49,32
"Pver_gene_g2772",0,0,0,0,131,61,38,91
"Pver_gene_g2840",215,136,191,93,0,0,0,0
"Pver_gene_g2866",0,0,20,0,184,44,82,98
"Pver_gene_g2905",326,175,174,98,39,8,27,32
"Pver_gene_g2911",305,616,619,459,274,88,98,354
"Pver_gene_g2914",30,57,69,56,0,0,0,0
"Pver_gene_g2913",215,496,502,300,121,40,32,70
"Pver_gene_g2847",81,63,56,33,0,0,7,0
"Pver_gene_g2845",0,0,17,21,428,79,191,343
"Pver_gene_g2855",65,27,47,32,219,57,175,154
"Pver_gene_g2856",43,32,144,61,5485,1172,2398,5401
"Pver_gene_g2857",45,77,118,66,407,238,387,473
"Pver_gene_g2860",0,11,18,0,425,107,230,393
"Pver_gene_g2930",59,73,47,38,155,116,171,165
"Pver_gene_g2924",197,175,146,78,68,27,54,56
"Pver_gene_g2938",0,29,28,51,308,76,155,435
"Pver_gene_g2950",99,158,157,132,50,23,60,62
"Pver_gene_g2966",72,55,58,44,138,80,114,174
"Pver_gene_g2868",525,388,439,430,147,29,91,141
"Pver_gene_g2869",0,0,0,0,92,71,87,41
"Pver_gene_g2870",0,30,0,8,232,105,231,160
"Pver_gene_g2871",0,0,0,0,74,35,81,157
"Pver_gene_g2877",0,0,0,0,88,17,28,44
"Pver_gene_g2882",57,57,46,66,140,48,228,155
"Pver_gene_g2883",569,486,588,376,163,119,278,208
"Pver_gene_g2886",240,150,153,123,819,282,473,830
"Pver_gene_g2894",0,0,0,0,1064,294,335,1307
"Pver_gene_g2899",0,7,0,0,24,17,22,28
"Pver_gene_g3000",0,6,0,0,220,46,82,203
"Pver_gene_g2999",24,22,27,55,151,25,91,221
"Pver_gene_g3018",133,151,177,168,145,26,83,91
"Pver_gene_g3028",65,94,136,70,199,80,186,236
"Pver_gene_g3047",110,150,110,117,597,272,467,946
"Pver_gene_g3033",54,120,125,53,652,262,301,470
"Pver_gene_g3037",0,0,0,0,36,21,44,19
"Pver_gene_g3064",215,335,418,237,265,75,149,231
"Pver_gene_g2967",13,4,0,0,91,33,66,138
"Pver_gene_g2984",81,121,202,112,5431,1224,2055,5403
"Pver_gene_g2985",84,74,78,118,864,184,449,893
"Pver_gene_g2987",309,281,175,149,87,23,73,47
"Pver_gene_g2989",163,188,167,203,971,185,297,959
"Pver_gene_g2998",358,424,361,300,106,59,100,156
"Pver_gene_g3051",44,20,15,19,122,37,56,96
"Pver_gene_g3055",99,113,49,132,572,607,833,537
"Pver_gene_g3069",0,116,167,96,11933,2415,3589,11624
"Pver_gene_g3079",81,114,150,67,20,0,25,35
"Pver_gene_g3098",98,116,179,100,617,163,304,535
"Pver_gene_g3101",81,46,39,10,140,103,278,136
"Pver_gene_g3103",401,496,672,430,22,0,47,23
"Pver_gene_g3105",86,109,181,120,442,153,186,522
"Pver_gene_g3117",0,0,27,0,367,84,216,309
"Pver_gene_g3118",800,1178,1282,752,461,200,325,575
"Pver_gene_g3202",0,24,32,0,225,90,148,107
"Pver_gene_g3197",63,106,96,49,0,0,0,0
"Pver_gene_g3184",0,0,0,0,455,167,168,602
"Pver_novel_gene_145_5de57afd",107,161,222,65,48,15,15,91
"Pver_gene_g3193",173,179,214,92,118,35,71,89
"Pver_gene_g3200",38,44,42,32,223,39,80,155
"Pver_gene_g3247",29,49,46,50,116,33,89,190
"Pver_gene_g3250",71,95,160,118,24,20,30,27
"Pver_gene_g3253",214,254,333,245,38,6,40,35
"Pver_gene_g3254",97,93,114,130,1021,269,519,1414
"Pver_gene_g3142",106,107,126,90,58,8,51,39
"Pver_gene_g3143",0,0,0,0,209,33,173,184
"Pver_gene_g3144",31,31,23,28,103,18,167,139
"Pver_gene_g3145",41,91,69,81,427,142,163,502
"Pver_gene_g3147",254,193,227,185,893,147,877,866
"Pver_gene_g3152",0,9,14,8,99,50,31,84
"Pver_gene_g3159",19,16,36,27,128,21,51,136
"Pver_gene_g3165",892,1233,1494,941,131,48,86,195
"Pver_gene_g3168",0,0,0,0,30,12,23,38
"Pver_gene_g3173",8,63,45,34,372,116,237,525
"Pver_gene_g3177",1568,2376,2325,1393,9023,3243,2901,8981
"Pver_gene_g3179",0,0,0,0,476,37,74,256
"Pver_gene_g3211",458,487,597,509,141,59,100,146
"Pver_gene_g3286",0,13,5,0,77,41,50,83
"Pver_gene_g3306",260,469,633,459,180,35,168,114
"Pver_gene_g3311",353,322,415,361,249,20,155,248
"Pver_gene_g3297",28,26,30,27,236,69,99,327
"Pver_gene_g3301",0,0,0,0,103,19,24,76
"Pver_gene_g3303",196,174,183,79,657,246,521,633
"Pver_gene_g3312",0,28,44,20,314,114,130,356
"Pver_gene_g3256",71,80,115,77,0,0,13,0
"Pver_gene_g3258",84,90,163,49,802,96,252,918
"Pver_gene_g3269",0,0,0,0,63,16,65,120
"Pver_gene_g3274",89,143,185,118,35,7,0,57
"Pver_gene_g3275",4,21,51,4,4033,1363,1509,5035
"Pver_gene_g3277",256,365,459,394,93,38,30,60
"Pver_gene_g3283",0,0,0,0,183,45,98,263
"Pver_gene_g3285",0,33,26,14,134,49,99,84
"Pver_gene_g3314",208,195,189,92,64,23,36,59
"Pver_gene_g3315",28,37,37,45,128,58,84,99
"Pver_gene_g3316",80,135,135,149,558,187,397,824
"Pver_gene_g3326",0,50,30,33,412,50,202,315
"Pver_gene_g3332",0,0,20,0,271,65,75,188
"Pver_gene_g3334",61,74,131,42,1383,458,766,1411
"Pver_gene_g3387",41,38,28,37,270,61,158,298
"Pver_gene_g3389",55,49,62,27,380,94,187,365
"Pver_gene_g3388",28,22,32,37,103,26,80,105
"Pver_gene_g3394",0,0,0,0,175,75,181,216
"Pver_gene_g3422",2552,1697,1952,1089,0,0,41,0
"Pver_gene_g3424",0,0,0,0,133,46,36,62
"Pver_gene_g3351",49,21,19,22,0,0,0,0
"Pver_gene_g3341",47,43,94,24,3750,594,1262,4501
"Pver_gene_g3363",27,55,101,41,274,127,179,281
"Pver_gene_g3365",81,96,96,105,30,21,28,20
"Pver_gene_g3369",0,0,0,0,439,159,483,571
"Pver_gene_g3373",168,98,142,118,55,6,20,63
"Pver_gene_g3375",366,618,596,505,6743,1636,1668,6026
"Pver_gene_g3376",170,224,248,141,63,10,22,44
"Pver_gene_g3377",261,214,198,145,86,30,65,57
"Pver_gene_g3379",18,68,50,35,284,68,125,263
"Pver_gene_g3381",0,0,36,11,222,93,86,224
"Pver_gene_g3382",163,208,250,173,9,0,6,26
"Pver_gene_g3384",64,76,75,29,277,101,134,353
"Pver_gene_g3385",0,0,0,0,142,43,85,83
"Pver_gene_g3432",242,228,326,276,139,29,97,71
"Pver_gene_g3433",288,255,334,304,721,199,387,499
"Pver_gene_g3498",0,0,17,0,164,110,137,159
"Pver_gene_g3496",0,0,13,0,238,51,245,263
"Pver_gene_g3527",116,238,384,141,107,28,121,73
"Pver_gene_g3540",32,77,86,31,201,41,103,240
"Pver_gene_g3398",0,0,0,5,52,19,27,65
"Pver_gene_g3399",43,14,31,12,242,270,156,333
"Pver_gene_g3410",0,0,0,0,37,25,30,20
"Pver_gene_g3417",0,0,0,0,70,62,124,113
"Pver_gene_g3462",1651,1538,2247,1708,452,119,548,721
"Pver_gene_g3463",0,6,0,0,95,13,16,69
"Pver_gene_g3468",0,8,0,0,43,35,45,73
"Pver_gene_g3469",0,0,0,0,12,16,23,43
"Pver_gene_g3473",164,255,189,207,15,13,6,19
"Pver_gene_g3484",0,0,0,0,115,79,113,199
"Pver_gene_g3564",83,78,101,104,0,0,0,0
"Pver_gene_g3558",27,26,21,19,123,145,237,135
"Pver_gene_g3565",1907,1450,1555,1349,180,18,158,202
"Pver_gene_g3567",83,74,104,51,417,151,408,560
"Pver_gene_g3568",70,144,141,87,39,0,30,35
"Pver_gene_g3586",36,23,26,14,0,0,0,0
"Pver_gene_g3587",0,4,0,0,49,101,35,103
"Pver_gene_g3590",0,0,13,0,542,633,786,462
"Pver_gene_g3592",0,4,0,0,104,58,36,84
"Pver_gene_g3593",1983,1751,2081,1358,240,70,90,187
"Pver_gene_g3597",139,166,159,237,74,16,54,114
"Pver_gene_g3599",204,311,328,143,50,21,86,44
"Pver_gene_g3623",0,0,0,0,163,46,63,197
"Pver_gene_g3628",0,0,0,0,41,13,44,65
"Pver_gene_g3638",0,66,52,26,442,138,96,339
"Pver_gene_g3621",13,51,80,38,493,110,680,404
"Pver_gene_g3622",987,1044,1351,1251,3100,850,2350,2602
"Pver_gene_g3682",142,161,200,74,1009,369,513,890
"Pver_gene_g3685",0,0,0,0,55,100,233,25
"Pver_gene_g3686",0,0,0,0,44,23,31,80
"Pver_gene_g3642",0,0,0,0,1139,1046,688,1489
"Pver_gene_g3649",0,0,14,19,124,46,86,163
"Pver_gene_g3655",0,0,0,0,1014,365,533,1411
"Pver_gene_g3656",0,0,0,0,47,14,28,95
"Pver_gene_g3657",0,0,0,0,124,27,54,229
"Pver_gene_g3658",0,0,0,0,318,78,92,374
"Pver_gene_g3670",0,6,0,0,71,13,20,48
"Pver_gene_g3671",126,213,199,118,73,45,35,48
"Pver_gene_g3677",311,266,328,216,249,88,155,256
"Pver_gene_g3678",84,36,30,37,12,7,16,23
"Pver_gene_g3739",14,0,10,0,161,30,64,208
"Pver_gene_g3745",142,220,205,154,85,23,48,157
"Pver_gene_g3732",0,0,0,0,166,123,160,333
"Pver_gene_g3743",17,58,38,48,229,78,93,262
"Pver_gene_g3747",0,0,0,0,198,62,103,106
"Pver_gene_g3751",162,194,284,174,78,31,49,191
"Pver_gene_g3756",75,124,180,102,33,18,9,57
"Pver_gene_g3774",0,0,0,0,27,12,19,53
"Pver_gene_g3757",0,0,7,0,258,49,109,176
"Pver_gene_g3758",22,18,20,0,205,48,133,295
"Pver_gene_g3707",33,39,40,82,0,5,0,0
"Pver_gene_g3693",84,145,161,86,393,370,360,470
"Pver_gene_g3694",217,274,348,228,69,27,68,85
"Pver_gene_g3703",47,47,83,52,455,114,191,350
"Pver_gene_g3704",0,0,0,0,215,68,190,236
"Pver_gene_g3705",60,111,100,50,1913,778,1402,2654
"Pver_gene_g3706",0,0,84,0,7306,1958,3275,7503
"Pver_gene_g3709",46,75,101,41,181,67,163,349
"Pver_gene_g3714",0,3,0,0,661,128,223,464
"Pver_gene_g3722",0,0,0,0,12,21,55,47
"Pver_gene_g3723",59,76,62,40,356,110,227,338
"Pver_gene_g3729",54,138,62,96,395,180,199,238
"Pver_gene_g3767",544,871,848,457,273,108,213,414
"Pver_gene_g3780",29,32,50,9,108,32,49,109
"Pver_gene_g3782",0,0,0,0,20,15,26,23
"Pver_gene_g3786",0,40,15,0,228,74,169,284
"Pver_gene_g3836",270,405,423,377,100,28,106,75
"Pver_gene_g3838",0,0,0,0,203,28,135,158
"Pver_gene_g3801",116,143,194,174,681,190,335,705
"Pver_gene_g3809",58,118,125,113,438,79,192,283
"Pver_gene_g3815",8202,8008,10166,6080,3375,262,2825,3370
"Pver_gene_g3816",130,203,179,217,40,25,38,48
"Pver_gene_g3817",125,70,70,66,7,8,0,0
"Pver_gene_g3818",205,221,327,229,11874,2739,3825,13993
"Pver_gene_g3820",0,6,28,12,4112,767,1406,3614
"Pver_gene_g3879",139,184,266,133,64,0,20,20
"Pver_gene_g3883",54,61,55,18,114,36,101,145
"Pver_gene_g3891",303,292,434,297,640,265,391,960
"Pver_gene_g3894",279,364,516,363,42,0,32,0
"Pver_gene_g3893",265,358,239,279,28,22,15,27
"Pver_gene_g3905",67,69,94,47,151,52,89,180
"Pver_gene_g3887",0,0,0,0,252,36,78,160
"Pver_gene_g3888",0,0,0,0,70,41,117,105
"Pver_gene_g3849",40,34,76,42,743,216,253,632
"Pver_gene_g3850",29,62,54,71,216,105,92,158
"Pver_gene_g3851",523,519,671,438,231,12,59,91
"Pver_gene_g3855",622,685,881,469,125,49,111,52
"Pver_gene_g3858",0,0,0,0,114,20,55,149
"Pver_gene_g3859",0,0,0,0,553,141,199,370
"Pver_gene_g3865",0,0,0,0,168,18,45,128
"Pver_gene_g3867",72,72,64,63,474,112,292,515
"Pver_gene_g3868",0,11,26,14,150,66,90,231
"Pver_gene_g3869",160,265,253,193,119,63,73,99
"Pver_gene_g3907",1057,1794,1506,1116,392,170,96,231
"Pver_gene_g3908",80,50,69,57,180,56,140,165
"Pver_gene_g3910",89,58,158,81,1195,266,400,1060
"Pver_gene_g3957",23,43,79,48,4,0,0,0
"Pver_gene_g3954",0,0,0,0,17,12,14,20
"Pver_gene_g3939",119,128,148,119,39,24,31,21
"Pver_gene_g4029",281,337,510,311,265,82,177,226
"Pver_gene_g4057",368,272,338,176,55,23,71,49
"Pver_gene_g4039",0,15,25,16,240,47,56,246
"Pver_gene_g4055",1738,2314,2463,1673,474,186,350,617
"Pver_gene_g4064",386,201,382,224,103,42,65,52
"Pver_gene_g4065",47,121,188,106,2893,557,1315,2772
"Pver_gene_g4069",0,0,0,0,117,43,19,106
"Pver_gene_g4041",38,118,77,57,175,91,137,262
"Pver_gene_g4044",235,379,349,207,78,17,77,79
"Pver_gene_g4046",0,0,0,0,618,290,461,951
"Pver_gene_g4047",131,42,90,67,44,6,24,53
"Pver_gene_g4050",0,0,0,0,89,29,82,31
"Pver_gene_g4053",126,92,105,87,7,0,28,16
"Pver_gene_g4054",95,92,95,53,50,8,28,34
"Pver_gene_g4075",140,241,340,280,99,20,50,120
"Pver_gene_g4076",67,184,191,176,665,185,343,600
"Pver_gene_g4077",80,106,139,112,30,12,15,14
"Pver_gene_g3971",141,197,246,167,190,46,105,118
"Pver_gene_g3975",0,0,0,0,53,27,19,79
"Pver_gene_g3978",29,29,21,17,126,36,46,114
"Pver_gene_g3981",0,45,56,73,449,181,254,426
"Pver_gene_g3983",37,41,150,14,9306,2186,2945,9445
"Pver_gene_g3992",940,1393,1448,1089,916,320,667,1007
"Pver_gene_g4000",165,227,216,112,25,38,49,25
"Pver_gene_g4003",0,4,53,0,5427,1303,2312,5007
"Pver_gene_g4004",487,651,587,477,13,4,47,77
"Pver_gene_g4005",85,61,53,59,1044,250,455,1315
"Pver_gene_g4007",144,250,306,177,1271,469,444,1204
"Pver_gene_g4009",0,0,34,30,784,264,651,808
"Pver_gene_g4014",11,28,13,9,151,27,104,156
"Pver_gene_g4016",66,53,130,40,1337,306,541,1258
"Pver_gene_g4027",91,128,121,43,65,12,25,16
"Pver_gene_g4028",168,302,224,205,1062,310,327,1082
"Pver_gene_g4128",327,492,620,280,290,80,226,276
"Pver_gene_g4138",424,312,320,271,93,50,102,193
"Pver_gene_g4137",0,0,0,0,159,46,106,194
"Pver_gene_g4141",0,0,0,0,240,67,138,123
"Pver_gene_g4145",0,0,0,0,19,13,20,17
"Pver_gene_g4163",0,0,17,0,61,35,76,86
"Pver_gene_g4089",188,100,201,110,52,11,12,38
"Pver_gene_g4105",0,0,0,0,86,36,63,88
"Pver_gene_g4114",0,6,0,0,67,22,22,90
"Pver_gene_g4118",0,14,0,0,80,140,210,77
"Pver_gene_g4122",279,336,449,195,53,7,37,40
"Pver_gene_g4173",59,59,43,26,0,0,0,0
"Pver_gene_g4174",0,6,0,0,41,12,44,117
"Pver_gene_g4176",0,0,18,0,874,932,680,1587
"Pver_gene_g4178",0,0,0,0,281,240,369,477
"Pver_gene_g4179",709,786,1056,540,63,0,10,31
"Pver_gene_g4191",15,48,64,29,350,171,412,444
"Pver_gene_g4195",28,16,0,27,240,26,135,203
"Pver_gene_g4196",17,23,14,17,43,26,50,60
"Pver_gene_g4197",0,0,0,0,77,21,49,77
"Pver_gene_g4198",28,80,132,68,399,164,243,526
"Pver_gene_g4230",0,0,0,5,79,108,142,113
"Pver_gene_g4232",784,629,726,396,150,87,133,139
"Pver_gene_g4204",0,14,0,0,628,74,229,609
"Pver_gene_g4207",105,135,185,85,30,21,16,23
"Pver_gene_g4282",105,110,104,106,29,16,42,27
"Pver_gene_g4286",26,32,43,13,182,32,91,152
"Pver_gene_g4291",0,0,0,0,75,20,58,146
"Pver_gene_g4242",356,353,300,254,769,250,583,751
"Pver_gene_g4244",78,118,82,128,1641,299,352,1371
"Pver_gene_g4248",0,6,4,0,21,16,21,76
"Pver_gene_g4249",0,0,47,0,4469,992,1719,4503
"Pver_gene_g4251",0,35,51,49,4966,1109,1925,5429
"Pver_gene_g4252",48,43,51,43,203,76,60,154
"Pver_gene_g4266",0,9,74,15,5668,1498,2862,5527
"Pver_gene_g4267",613,504,556,439,292,60,144,252
"Pver_gene_g4330",48,21,47,31,0,0,0,0
"Pver_gene_g4336",0,0,0,0,54,43,115,36
"Pver_gene_g4347",54,39,57,0,344,56,183,439
"Pver_gene_g4348",90,80,82,44,547,93,159,587
"Pver_gene_g4338",26,63,107,77,206,176,258,277
"Pver_gene_g4309",69,40,44,35,973,347,453,1247
"Pver_gene_g4311",0,0,0,0,66,33,39,68
"Pver_gene_g4312",0,0,25,0,739,322,481,742
"Pver_gene_g4315",708,590,903,687,153,28,67,145
"Pver_gene_g4316",413,546,564,366,5119,3169,2090,9571
"Pver_gene_g4318",0,0,0,0,48,19,76,71
"Pver_gene_g4381",0,15,8,0,147,16,65,95
"Pver_gene_g4362",0,0,0,0,21,15,40,12
"Pver_gene_g4374",0,0,0,8,45,25,67,41
"Pver_gene_g4386",0,0,0,0,24,20,15,50
"Pver_gene_g4385",0,0,0,0,208,177,50,137
"Pver_gene_g4410",615,816,856,625,183,32,168,137
"Pver_gene_g4412",0,0,0,0,279,171,77,149
"Pver_gene_g4413",250,367,355,285,0,0,0,0
"Pver_gene_g4415",100,119,199,81,312,79,198,412
"Pver_gene_g4395",0,7,0,9,127,28,44,37
"Pver_novel_gene_187_5de57afd",2222,2444,3249,2220,685,272,164,352
"Pver_gene_g4443",0,0,0,0,20,12,18,14
"Pver_gene_g4507",85,55,58,45,0,0,9,0
"Pver_gene_g4430",17,20,18,21,0,0,0,0
"Pver_gene_g4433",77,143,174,81,83,17,54,52
"Pver_gene_g4440",147,174,223,123,136,19,61,54
"Pver_gene_g4516",197,311,206,162,176,41,72,180
"Pver_gene_g4534",29,25,42,11,127,40,53,140
"Pver_gene_g4543",0,0,0,0,437,184,327,897
"Pver_gene_g4462",16,11,66,23,0,0,0,0
"Pver_gene_g4451",0,4,0,0,69,49,70,111
"Pver_gene_g4453",30,76,56,17,100,112,124,133
"Pver_gene_g4465",0,0,36,0,1273,158,1687,1290
"Pver_gene_g4466",28,8,49,17,265,17,93,300
"Pver_gene_g4626",0,14,31,8,403,71,124,271
"Pver_gene_g4547",185,182,278,133,65,29,49,95
"Pver_gene_g4549",35,57,24,20,817,379,405,773
"Pver_gene_g4552",266,267,271,272,762,225,346,999
"Pver_gene_g4553",0,0,0,0,212,103,275,414
"Pver_gene_g4555",77,125,97,80,22,11,30,33
"Pver_gene_g4557",0,13,78,0,7003,918,2228,7274
"Pver_gene_g4558",116,150,243,121,94,10,27,36
"Pver_gene_g4561",0,3,13,0,113,35,84,380
"Pver_gene_g4563",40,23,75,36,175,87,121,261
"Pver_gene_g4565",0,13,11,22,93,73,126,101
"Pver_gene_g4569",331,289,315,185,121,11,72,24
"Pver_gene_g4570",14,7,31,8,107,28,58,37
"Pver_gene_g4572",186,233,262,191,175,63,109,117
"Pver_gene_g4628",323,255,293,223,24,18,55,54
"Pver_gene_g4601",0,10,8,0,60,12,87,134
"Pver_gene_g4605",89,60,83,72,32,0,16,17
"Pver_gene_g4607",0,0,0,6,20,62,40,40
"Pver_gene_g4609",44,37,77,39,144,41,169,155
"Pver_gene_g4612",0,0,0,0,146,65,103,178
"Pver_gene_g4613",0,0,65,0,4877,1012,1477,5283
"Pver_gene_g4673",213,456,451,310,259,103,123,261
"Pver_gene_g4629",51,52,89,58,35,9,12,33
"Pver_gene_g4636",0,0,10,17,181,53,91,218
"Pver_gene_g4643",287,216,233,102,64,35,51,79
"Pver_gene_g4645",45,26,24,28,616,133,332,577
"Pver_gene_g4650",0,0,46,14,7922,3594,4546,9848
"Pver_gene_g4653",0,29,112,38,9208,1903,3347,9804
"Pver_gene_g4654",126,237,308,172,961,420,491,895
"Pver_gene_g4657",130,104,95,83,257,99,199,269
"Pver_gene_g4683",0,0,0,0,197,46,52,137
"Pver_gene_g4685",4,21,17,5,122,32,88,82
"Pver_gene_g4688",652,704,733,455,99,63,85,181
"Pver_gene_g4690",90,166,144,124,99,26,55,52
"Pver_gene_g4691",103,146,145,131,24,12,59,62
"Pver_gene_g4692",0,0,0,0,62,18,34,136
"Pver_gene_g4701",96,97,112,95,304,114,171,388
"Pver_gene_g4705",0,17,39,0,2744,475,818,2708
"Pver_gene_g4728",88,186,146,182,565,125,298,523
"Pver_gene_g4732",26,46,43,21,1400,714,556,1092
"Pver_gene_g4733",194,125,150,86,1391,1239,1010,1278
"Pver_gene_g4737",0,0,0,0,176,23,70,72
"Pver_gene_g4740",283,426,551,283,64,52,66,32
"Pver_gene_g4744",197,232,234,149,150,29,54,86
"Pver_gene_g4747",81,109,79,68,30,16,33,37
"Pver_gene_g4750",0,0,0,0,72,17,20,57
"Pver_gene_g4751",18,76,73,56,385,193,168,522
"Pver_gene_g4813",80,66,185,97,500,185,223,440
"Pver_gene_g4816",163,121,110,87,0,9,17,19
"Pver_gene_g4815",110,72,55,63,407,84,177,509
"Pver_gene_g4822",146,216,138,133,610,255,331,743
"Pver_gene_g4828",185,303,284,214,36,15,104,66
"Pver_gene_g4829",610,611,989,654,444,123,174,441
"Pver_gene_g4755",71,139,157,72,966,516,431,1028
"Pver_gene_g4756",215,241,218,111,27,0,20,37
"Pver_gene_g4764",0,0,0,0,60,50,25,94
"Pver_gene_g4765",0,0,0,0,19,15,12,22
"Pver_gene_g4767",0,0,0,0,56,38,82,50
"Pver_gene_g4768",0,0,0,0,97,64,32,84
"Pver_gene_g4775",121,99,93,82,25,3,49,38
"Pver_gene_g4778",880,1286,1316,910,148,22,64,130
"Pver_gene_g4781",0,0,4,0,501,94,173,455
"Pver_gene_g4782",0,0,9,0,1084,185,875,1289
"Pver_gene_g4783",647,974,1128,630,6034,2158,1446,4254
"Pver_gene_g4788",95,116,184,109,60,27,40,35
"Pver_gene_g4789",0,8,0,0,36,16,28,83
"Pver_gene_g4790",11484,18338,20331,13808,60,26,25,31
"Pver_gene_g4792",433,293,310,198,1317,561,706,1704
"Pver_gene_g4794",0,0,97,24,10608,2133,3521,9913
"Pver_gene_g4797",602,726,832,570,631,150,236,503
"Pver_gene_g4798",787,1125,1546,937,521,194,309,468
"Pver_gene_g4801",87,101,120,64,59,18,39,96
"Pver_gene_g4803",1671,1656,1886,1166,493,45,247,604
"Pver_gene_g4835",0,0,0,0,578,289,594,1067
"Pver_gene_g4840",0,0,0,0,48,30,15,66
"Pver_gene_g4845",280,171,235,129,758,205,264,741
"Pver_gene_g4848",0,0,0,0,18,21,27,26
"Pver_gene_g4850",0,11,17,0,355,50,99,268
"Pver_gene_g4851",0,0,0,0,114,25,27,45
"Pver_gene_g4852",79,45,53,53,203,59,106,195
"Pver_gene_g4853",0,0,0,0,124,44,89,110
"Pver_gene_g4903",210,222,283,165,132,39,119,74
"Pver_gene_g4902",576,913,929,596,422,132,163,354
"Pver_gene_g4907",520,817,838,560,16,8,0,20
"Pver_gene_g4909",23,23,27,11,47,63,105,63
"Pver_gene_g4912",948,915,1195,1014,92,31,68,68
"Pver_gene_g4870",313,144,220,103,765,197,382,857
"Pver_gene_g4873",46,67,44,59,371,200,199,386
"Pver_gene_g4886",36,55,24,33,210,53,44,126
"Pver_novel_gene_198_5de57afd",0,0,0,0,12,15,32,36
"Pver_gene_g4929",31,48,57,40,141,47,69,163
"Pver_gene_g4917",112,143,170,135,363,91,206,305
"Pver_gene_g4921",237,191,120,104,72,24,46,79
"Pver_gene_g4934",59,46,57,60,241,51,83,199
"Pver_gene_g4935",60,119,169,125,428,61,270,366
"Pver_gene_g4936",0,36,53,23,326,112,111,384
"Pver_gene_g4943",316,219,238,291,66,5,38,23
"Pver_gene_g4946",0,0,0,0,29,52,30,64
"Pver_gene_g4947",0,0,0,0,26,20,31,39
"Pver_gene_g4948",0,0,0,0,117,61,103,51
"Pver_gene_g4950",0,0,0,0,19,11,25,47
"Pver_gene_g4955",0,0,0,0,59,27,52,68
"Pver_gene_g4959",0,0,0,0,114,48,62,91
"Pver_gene_g4960",0,0,0,0,34,17,27,35
"Pver_gene_g4966",0,0,0,0,82,21,62,101
"Pver_gene_g4972",55,44,70,38,419,46,94,349
"Pver_gene_g4973",297,381,319,197,71,0,73,54
"Pver_gene_g4979",907,1509,2303,1612,362,110,169,357
"Pver_gene_g4982",0,0,10,0,330,153,251,695
"Pver_gene_g4974",112,202,177,113,70,39,81,102
"Pver_gene_g4975",88,61,80,62,186,92,295,281
"Pver_gene_g4977",42,42,22,32,166,47,85,267
"Pver_gene_g4983",0,0,0,0,1115,323,455,2196
"Pver_gene_g4984",0,0,12,0,199,105,363,240
"Pver_gene_g4987",288,318,329,324,193,67,100,171
"Pver_gene_g5022",463,621,778,517,165,52,106,182
"Pver_gene_g5023",44,29,23,17,205,105,67,119
"Pver_gene_g5028",39,67,88,27,256,105,138,446
"Pver_gene_g5029",148,95,170,59,52,10,10,70
"Pver_gene_g5013",1503,1662,2188,1091,173,60,107,119
"Pver_gene_g5015",73,113,63,70,22,11,25,36
"Pver_gene_g4989",0,6,0,16,116,41,39,129
"Pver_gene_g4991",0,0,0,0,26,13,46,138
"Pver_gene_g5000",0,0,0,0,94,25,29,81
"Pver_gene_g5006",0,6,0,0,291,81,32,264
"Pver_gene_g5035",267,166,176,150,652,276,288,840
"Pver_gene_g5041",28,74,132,46,168,61,129,352
"Pver_gene_g5053",91,87,70,35,41,10,24,51
"Pver_gene_g5056",180,144,260,122,105,31,81,47
"Pver_gene_g5057",192,224,258,167,103,34,108,200
"Pver_gene_g5059",0,46,40,8,565,216,324,773
"Pver_gene_g5060",0,0,0,0,39,11,22,65
"Pver_gene_g5061",0,0,0,0,156,141,131,186
"Pver_gene_g5064",174,177,198,48,24,0,0,33
"Pver_gene_g5067",167,228,205,186,112,14,46,47
"Pver_gene_g5070",221,237,209,136,1622,409,759,1495
"Pver_gene_g5074",182,183,242,142,1711,456,893,1563
"Pver_gene_g5149",0,15,0,26,289,50,136,295
"Pver_gene_g5151",385,484,597,344,300,68,177,337
"Pver_gene_g5106",52,33,93,40,0,0,0,0
"Pver_gene_g5080",448,394,385,220,246,114,112,228
"Pver_gene_g5085",107,89,82,71,512,105,272,500
"Pver_gene_g5088",0,48,26,25,238,54,107,262
"Pver_gene_g5089",754,726,976,653,181,15,69,61
"Pver_gene_g5093",0,0,0,0,86,16,81,143
"Pver_gene_g5104",30,14,5,16,84,31,64,76
"Pver_gene_g5109",78,160,157,93,62,12,63,49
"Pver_gene_g5113",0,0,0,0,35,17,42,58
"Pver_gene_g5114",0,0,0,0,55,27,46,46
"Pver_gene_g5117",78,108,113,51,555,114,268,379
"Pver_gene_g5167",525,705,868,677,207,66,197,115
"Pver_gene_g5134",0,0,0,4,71,19,36,103
"Pver_gene_g5136",172,378,414,380,1645,322,475,1946
"Pver_gene_g5138",0,3,4,0,47,14,45,48
"Pver_gene_g5139",261,263,259,232,71,57,96,107
"Pver_gene_g5141",0,0,0,0,73,15,40,45
"Pver_gene_g5142",366,462,677,394,4082,1552,1558,4832
"Pver_gene_g5146",82,146,111,70,77,23,54,68
"Pver_gene_g5204",26,58,70,37,0,5,3,18
"Pver_gene_g5205",101,132,143,150,72,22,48,103
"Pver_gene_g5202",323,414,442,336,824,207,437,718
"Pver_gene_g5214",132,147,84,86,527,141,277,442
"Pver_gene_g5223",15112,13557,18539,12781,88,0,87,71
"Pver_gene_g5225",539,445,521,318,139,10,39,60
"Pver_gene_g5176",0,0,0,0,144,30,43,49
"Pver_gene_g5180",0,8,0,0,36,11,41,70
"Pver_gene_g5182",72,86,151,77,45,0,14,28
"Pver_gene_g5193",79,98,52,39,373,59,207,267
"Pver_gene_g5251",0,27,33,26,289,62,91,297
"Pver_gene_g5231",0,7,0,0,201,48,63,116
"Pver_gene_g5233",0,0,0,0,39,16,12,18
"Pver_gene_g5234",0,13,7,0,110,46,142,86
"Pver_gene_g5235",43,82,133,63,253,104,125,156
"Pver_gene_g5307",0,0,0,0,119,33,71,126
"Pver_gene_g5254",282,212,297,182,96,34,74,139
"Pver_gene_g5259",0,0,0,0,130,43,50,63
"Pver_gene_g5260",165,115,141,131,26,6,11,49
"Pver_gene_g5262",36,35,34,47,407,66,156,402
"Pver_gene_g5265",257,313,312,205,608,379,547,947
"Pver_gene_g5267",5,14,18,0,154,38,109,91
"Pver_gene_g5271",217,227,155,118,32,0,0,0
"Pver_gene_g5273",0,10,1,1,324,40,249,478
"Pver_gene_g5277",0,0,0,0,455,200,241,512
"Pver_gene_g5280",0,0,0,0,132,19,49,161
"Pver_gene_g5281",0,0,0,0,99,18,50,109
"Pver_gene_g5282",82,111,65,93,301,92,112,344
"Pver_gene_g5288",0,0,0,0,21,13,26,53
"Pver_gene_g5291",53,117,84,68,283,75,94,184
"Pver_gene_g5367",0,0,0,0,79,83,67,188
"Pver_gene_g5387",0,0,0,0,412,226,294,326
"Pver_gene_g5394",0,0,0,0,71,21,27,58
"Pver_gene_g5392",50,34,53,47,417,106,129,310
"Pver_gene_g5395",0,20,0,0,131,83,135,119
"Pver_gene_g5423",229,238,332,158,145,29,127,202
"Pver_gene_g5437",420,460,521,266,183,92,201,201
"Pver_gene_g5433",686,904,845,637,665,207,401,790
"Pver_gene_g5469",20,0,0,0,427,192,200,307
"Pver_gene_g5312",132,153,231,112,7,5,10,16
"Pver_gene_g5323",230,215,384,209,230,51,104,163
"Pver_gene_g5332",0,5,0,0,96,16,17,25
"Pver_gene_g5334",138,101,85,90,435,135,163,439
"Pver_gene_g5335",373,487,483,474,1938,560,908,1778
"Pver_gene_g5336",0,0,70,0,6222,1176,2609,5862
"Pver_gene_g5337",0,14,0,0,202,44,80,81
"Pver_gene_g5338",258,210,240,307,2619,423,656,2669
"Pver_gene_g5350",387,253,284,95,36,44,62,36
"Pver_gene_g5351",256,172,216,193,76,14,69,107
"Pver_gene_g5353",27,75,59,66,298,73,139,327
"Pver_gene_g5355",46,94,111,71,198,78,165,136
"Pver_gene_g5356",0,0,0,0,301,71,150,266
"Pver_gene_g5360",0,0,0,8,126,34,181,107
"Pver_gene_g5438",98,94,159,67,1518,328,726,1328
"Pver_gene_g5440",0,0,0,0,39,26,21,27
"Pver_gene_g5454",0,0,0,0,113,22,60,85
"Pver_gene_g5456",0,0,0,0,96,33,81,121
"Pver_gene_g5457",0,0,0,0,33,19,53,20
"Pver_gene_g5539",59,95,71,60,463,50,83,285
"Pver_gene_g5527",27,59,122,96,397,100,145,204
"Pver_gene_g5532",0,0,0,0,138,11,138,223
"Pver_gene_g5552",223,149,133,129,477,163,402,336
"Pver_gene_g5548",0,0,0,0,56,14,61,125
"Pver_gene_g5551",60,54,90,41,49,6,23,34
"Pver_gene_g5482",232,370,305,255,579,201,440,630
"Pver_gene_g5483",0,3,0,0,13,13,56,14
"Pver_gene_g5487",0,15,30,20,142,89,286,201
"Pver_gene_g5495",485,478,586,366,89,40,33,132
"Pver_gene_g5500",1318,1480,1731,924,7279,1784,3028,6766
"Pver_gene_g5501",0,5,0,0,91,19,40,26
"Pver_gene_g5502",202,238,262,137,686,261,285,724
"Pver_gene_g5505",0,0,0,0,19,12,63,76
"Pver_gene_g5509",71,205,311,150,1139,694,1804,965
"Pver_gene_g5596",99,133,128,91,42,0,33,20
"Pver_gene_g5597",28,24,42,26,0,0,0,0
"Pver_gene_g5621",21,13,13,0,99,50,65,100
"Pver_gene_g5623",0,0,0,0,12,11,20,29
"Pver_gene_g5639",0,0,0,0,179,166,146,173
"Pver_gene_g5655",0,0,0,0,31,11,12,54
"Pver_gene_g5662",144,242,368,249,91,19,56,116
"Pver_gene_g5602",0,22,48,17,196,39,125,119
"Pver_gene_g5611",99,143,178,149,522,162,229,459
"Pver_gene_g5613",466,640,965,681,241,131,257,395
"Pver_gene_g5616",0,0,0,0,83,14,48,131
"Pver_gene_g5619",57,77,56,24,152,53,177,199
"Pver_gene_g5554",234,278,362,327,115,35,63,111
"Pver_gene_g5555",0,0,0,0,542,211,279,586
"Pver_gene_g5563",0,24,18,19,411,59,211,353
"Pver_gene_g5570",337,365,354,248,115,78,74,159
"Pver_gene_g5571",506,653,685,361,330,171,211,262
"Pver_gene_g5574",155,118,102,124,448,93,243,431
"Pver_gene_g5658",61,118,109,67,21,0,23,45
"Pver_gene_g5674",0,0,0,0,189,96,104,224
"Pver_gene_g5676",821,884,1072,597,129,18,130,66
"Pver_gene_g5673",35,71,45,32,326,203,300,252
"Pver_gene_g5697",0,0,0,0,20,49,58,27
"Pver_gene_g5754",139,165,179,130,30,13,13,27
"Pver_gene_g5680",204,169,229,161,94,55,50,54
"Pver_gene_g5681",0,0,0,0,185,140,60,316
"Pver_gene_g5682",0,5,7,0,2232,1052,354,1617
"Pver_gene_g5693",0,0,0,15,233,56,157,432
"Pver_gene_g5764",0,0,0,0,215,67,106,196
"Pver_gene_g5766",0,12,39,0,169,168,128,154
"Pver_gene_g5771",0,0,0,0,43,41,37,58
"Pver_gene_g5774",0,16,33,0,156,41,122,250
"Pver_gene_g5778",0,7,0,0,86,20,38,40
"Pver_gene_g5787",240,236,235,201,43,0,19,62
"Pver_gene_g5792",282,381,419,300,331,54,132,237
"Pver_gene_g5783",255,375,561,394,174,82,158,299
"Pver_gene_g5715",14,26,29,18,0,0,0,0
"Pver_gene_g5708",328,340,458,316,236,87,174,177
"Pver_gene_g5710",317,339,459,332,139,85,80,147
"Pver_gene_g5712",250,175,279,140,88,37,84,103
"Pver_gene_g5718",0,0,38,0,660,299,276,273
"Pver_gene_g5720",0,0,0,0,42,14,19,57
"Pver_gene_g5723",96,71,56,54,269,117,195,191
"Pver_gene_g5725",89,153,211,144,51,17,42,14
"Pver_gene_g5726",270,362,290,154,11,19,31,26
"Pver_gene_g5727",408,386,418,301,302,82,80,208
"Pver_gene_g5728",18489,17909,18181,11275,1001,116,882,763
"Pver_gene_g5731",132,99,146,104,438,86,164,354
"Pver_gene_g5736",363,337,398,172,112,35,77,89
"Pver_gene_g5741",302,617,463,342,1158,405,426,1060
"Pver_gene_g5744",0,0,0,0,301,61,72,250
"Pver_gene_g5749",0,0,0,0,78,53,27,103
"Pver_gene_g5841",0,0,0,0,118,38,67,169
"Pver_gene_g5835",0,0,0,0,86,34,39,75
"Pver_gene_g5811",0,0,0,0,245,69,84,324
"Pver_gene_g5819",86,135,157,82,58,15,32,77
"Pver_gene_g5824",0,0,0,0,96,17,37,84
"Pver_gene_g5828",0,14,7,0,183,20,114,164
"Pver_gene_g5829",112,34,102,40,11,0,0,16
"Pver_gene_g5843",26,54,29,19,116,95,144,111
"Pver_gene_g5844",256,194,169,143,73,43,52,67
"Pver_gene_g5848",0,0,0,0,16,16,17,141
"Pver_gene_g5849",0,0,0,0,92,11,48,93
"Pver_gene_g5851",103,144,169,114,43,33,47,51
"Pver_gene_g5854",0,0,0,0,131,48,66,178
"Pver_gene_g5857",276,351,247,168,51,49,85,86
"Pver_gene_g5858",0,0,16,24,612,210,313,456
"Pver_gene_g5860",0,0,0,0,29,12,32,43
"Pver_gene_g5861",292,236,386,175,599,214,322,687
"Pver_gene_g5864",290,525,588,406,176,44,48,192
"Pver_gene_g5897",0,4,0,0,45,15,50,91
"Pver_gene_g5872",136,120,185,127,48,11,39,76
"Pver_gene_g5873",155,189,242,147,184,29,86,95
"Pver_gene_g5882",36,76,44,65,291,102,90,310
"Pver_gene_g5888",0,0,7,5,37,17,41,59
"Pver_gene_g5889",0,68,82,40,519,204,117,531
"Pver_gene_g5890",151,200,208,92,915,329,412,608
"Pver_gene_g5934",0,0,0,0,12,21,30,17
"Pver_gene_g5940",0,0,0,0,491,95,247,720
"Pver_gene_g5954",0,0,0,0,62,14,34,61
"Pver_gene_g5956",0,0,0,0,30,16,55,119
"Pver_gene_g5972",96,65,59,43,27,0,0,7
"Pver_gene_g5909",141,193,139,106,26,14,38,22
"Pver_gene_g5911",29,33,43,37,332,82,171,285
"Pver_gene_g5924",15,18,25,17,110,30,38,98
"Pver_gene_g5925",0,0,0,0,177,42,143,96
"Pver_gene_g5929",0,0,0,0,1119,160,288,919
"Pver_gene_g5931",24,56,43,36,199,54,99,232
"Pver_gene_g5973",0,0,0,0,731,149,244,867
"Pver_gene_g5957",0,52,68,0,981,569,1705,750
"Pver_gene_g5959",0,0,0,0,734,169,284,638
"Pver_gene_g5960",0,0,13,0,73,30,55,127
"Pver_gene_g5976",0,0,0,0,20,17,54,11
"Pver_gene_g5979",417,401,360,307,152,69,113,253
"Pver_gene_g6004",0,0,0,0,44,25,31,50
"Pver_gene_g6006",140,114,85,69,302,139,185,279
"Pver_gene_g6015",0,0,7,0,124,41,119,135
"Pver_gene_g5984",225,212,256,183,132,47,44,70
"Pver_gene_g5985",0,0,73,27,6173,1186,2144,6202
"Pver_gene_g5994",118,135,171,54,308,106,362,411
"Pver_gene_g6050",0,0,0,0,28,17,25,56
"Pver_gene_g6053",130,171,212,59,355,125,245,272
"Pver_gene_g6056",96,96,174,90,71,29,30,92
"Pver_gene_g6057",206,378,429,289,135,62,136,204
"Pver_gene_g6063",0,0,0,0,60,11,39,27
"Pver_gene_g6079",69,68,54,56,154,69,103,132
"Pver_gene_g6082",394,297,336,305,73,7,74,90
"Pver_gene_g6083",126,156,224,120,125,37,87,142
"Pver_gene_g6080",263,460,622,512,110,38,67,137
"Pver_gene_g6085",560,624,767,576,470,145,198,613
"Pver_gene_g6098",0,0,0,0,31,32,23,68
"Pver_gene_g6099",128,208,139,97,42,12,40,88
"Pver_gene_g6018",0,0,22,0,1259,255,430,1047
"Pver_gene_g6021",74,70,52,77,30,0,19,32
"Pver_gene_g6030",0,0,0,0,51,31,79,79
"Pver_gene_g6031",0,0,0,0,94,20,152,192
"Pver_gene_g6034",34,28,36,9,176,19,90,181
"Pver_gene_g6037",1835,2144,2312,1717,115,0,99,88
"Pver_gene_g6038",177,411,375,227,100,31,51,120
"Pver_gene_g6104",251,349,386,285,1265,431,467,1190
"Pver_gene_g6111",142,78,79,56,318,142,195,284
"Pver_gene_g6110",0,36,71,33,435,106,240,364
"Pver_gene_g6070",42,67,103,66,311,139,150,559
"Pver_gene_g6071",24,63,53,11,150,23,104,178
"Pver_gene_g6073",552,601,794,445,232,114,254,455
"Pver_gene_g6074",163,135,202,0,964,571,943,915
"Pver_gene_g6114",206,184,123,90,863,244,358,708
"Pver_gene_g6115",84,72,90,40,35,3,20,4
"Pver_gene_g6116",24,15,71,0,8147,1458,2153,7819
"Pver_gene_g6120",7,27,24,43,382,304,282,409
"Pver_gene_g6127",33,45,43,26,152,68,112,191
"Pver_gene_g6129",6,2,0,6,24,17,69,66
"Pver_gene_g6183",99,278,292,290,87,27,52,40
"Pver_gene_g6162",28,21,56,35,0,0,0,0
"Pver_gene_g6151",44,21,23,7,521,138,246,617
"Pver_gene_g6153",30,23,63,28,489,306,209,610
"Pver_gene_g6157",7,18,0,0,91,32,52,75
"Pver_gene_g6160",105,145,146,99,64,8,69,84
"Pver_gene_g6172",256,317,320,255,32,0,57,56
"Pver_gene_g6195",41,95,80,40,483,254,405,589
"Pver_gene_g6202",0,0,0,0,48,17,26,71
"Pver_gene_g6204",1583,1131,1266,927,874,113,581,852
"Pver_gene_g6225",0,0,0,0,33,15,17,28
"Pver_gene_g6226",87,148,161,146,492,152,169,546
"Pver_gene_g6232",37,45,36,19,9,0,5,11
"Pver_gene_g6235",0,0,0,0,29,13,53,17
"Pver_gene_g6236",67,72,39,61,175,37,162,209
"Pver_gene_g6207",290,326,396,280,172,90,140,149
"Pver_gene_g6208",10,14,0,2,45,38,53,75
"Pver_gene_g6260",0,0,0,0,54,18,36,44
"Pver_gene_g6266",0,0,0,0,62,25,44,53
"Pver_gene_g6268",117,37,24,15,291,80,94,387
"Pver_gene_g6275",35,36,73,35,111,63,125,168
"Pver_gene_g6339",40,44,60,4,675,267,516,720
"Pver_gene_g6353",287,277,278,270,64,27,68,141
"Pver_gene_g6354",743,580,627,424,66,38,74,125
"Pver_gene_g6356",83,187,168,145,613,138,195,420
"Pver_gene_g6344",0,12,10,0,72,81,61,104
"Pver_gene_g6348",0,0,0,0,188,458,396,206
"Pver_gene_g6350",169,166,262,165,32,12,64,96
"Pver_gene_g6386",8,38,34,10,197,97,199,302
"Pver_gene_g6394",52,128,162,104,24,0,16,0
"Pver_gene_g6288",0,0,0,0,104,52,62,158
"Pver_gene_g6290",0,15,25,28,94,53,118,142
"Pver_gene_g6297",42,114,124,42,235,125,170,309
"Pver_gene_g6307",161,165,179,153,4395,890,1419,5779
"Pver_gene_g6308",66,38,23,16,243,97,108,322
"Pver_gene_g6309",0,0,0,0,48,30,34,47
"Pver_gene_g6312",101,100,123,89,446,97,187,304
"Pver_gene_g6320",229,212,233,123,29,6,98,52
"Pver_gene_g6398",75,90,183,51,22,7,22,0
"Pver_gene_g6399",0,0,0,0,77,15,16,40
"Pver_gene_g6359",161,127,123,51,599,156,267,560
"Pver_gene_g6361",0,18,0,24,597,167,228,569
"Pver_gene_g6471",0,0,0,0,44,29,18,65
"Pver_gene_g6408",294,208,361,173,44,13,40,80
"Pver_gene_g6410",0,0,0,0,135,24,86,118
"Pver_gene_g6422",0,0,0,0,154,224,453,238
"Pver_gene_g6425",0,12,99,0,8220,1726,2840,7689
"Pver_novel_gene_245_5de57afd",0,0,0,0,43,46,64,65
"Pver_gene_g6480",46,76,103,38,338,30,162,298
"Pver_gene_g6482",0,10,0,3,89,21,37,17
"Pver_gene_g6489",128,195,241,123,79,34,47,68
"Pver_gene_g6434",88,61,58,54,0,9,13,12
"Pver_gene_g6433",29,52,61,33,1482,268,441,1303
"Pver_gene_g6435",11,33,11,15,52,26,49,57
"Pver_gene_g6443",0,0,0,0,174,139,199,235
"Pver_gene_g6445",0,0,0,0,295,96,171,303
"Pver_gene_g6446",0,0,0,0,340,116,184,367
"Pver_gene_g6447",0,0,0,0,326,177,165,601
"Pver_gene_g6455",23,13,26,29,783,115,91,720
"Pver_gene_g6493",2099,2288,2324,1553,573,301,473,591
"Pver_novel_gene_246_5de57afd",105,122,227,132,40,30,45,85
"Pver_gene_g6495",0,0,0,0,87,17,33,92
"Pver_gene_g6494",353,348,362,205,48,8,80,99
"Pver_gene_g6503",44,54,52,47,199,64,126,209
"Pver_gene_g6511",0,20,2,0,65,32,59,87
"Pver_gene_g6513",0,0,0,0,211,46,56,158
"Pver_gene_g6518",1341,1525,1148,936,188,99,184,256
"Pver_gene_g6519",159,79,141,118,53,15,28,27
"Pver_novel_gene_248_5de57afd",129,302,328,183,77,12,93,78
"Pver_gene_g6539",209,157,223,128,1284,673,530,1421
"Pver_gene_g6544",61,67,32,16,0,0,8,0
"Pver_gene_g6565",0,0,0,0,302,61,167,334
"Pver_gene_g6567",0,0,0,0,151,136,66,176
"Pver_gene_g6568",122,133,143,149,2840,543,1090,2521
"Pver_gene_g6548",66,68,83,30,147,61,116,161
"Pver_gene_g6553",0,12,0,10,36,52,127,66
"Pver_gene_g6558",0,0,0,0,32,12,19,27
"Pver_gene_g6559",42,80,141,60,322,137,252,287
"Pver_gene_g6561",0,0,0,0,30,12,26,32
"Pver_gene_g6577",0,14,20,6,618,208,192,469
"Pver_gene_g6585",0,0,0,0,202,173,310,328
"Pver_gene_g6586",73,91,159,92,3284,1297,1815,5537
"Pver_gene_g6587",90,230,170,85,412,169,275,307
"Pver_gene_g6591",237,249,305,153,115,36,68,106
"Pver_gene_g6609",0,0,0,0,80,58,110,139
"Pver_gene_g6614",269,262,289,198,98,21,61,106
"Pver_gene_g6647",9,14,30,0,166,27,58,191
"Pver_gene_g6654",0,0,0,0,191,87,148,291
"Pver_gene_g6627",46,113,106,112,54,6,43,43
"Pver_gene_g6628",174,175,253,132,41,18,37,60
"Pver_gene_g6634",0,0,0,0,125,20,177,213
"Pver_gene_g6676",25,37,25,11,156,50,48,119
"Pver_gene_g6677",14,24,30,34,87,45,40,86
"Pver_gene_g6693",650,844,1011,585,265,181,408,268
"Pver_gene_g6694",46,36,50,37,108,117,221,141
"Pver_gene_g6659",95,81,74,55,22,0,3,3
"Pver_gene_g6660",74,73,61,63,405,97,164,413
"Pver_gene_g6661",7,7,0,0,463,81,81,231
"Pver_gene_g6662",11,30,28,26,189,50,143,153
"Pver_gene_g6663",29,42,45,38,291,158,180,192
"Pver_gene_g6718",0,0,0,0,88,18,55,91
"Pver_gene_g6721",0,12,5,0,77,15,41,75
"Pver_gene_g6717",75,71,89,90,991,230,466,995
"Pver_gene_g6724",66,40,76,41,27,6,22,45
"Pver_gene_g6738",110,151,154,125,96,27,48,73
"Pver_gene_g6743",54,127,167,81,26,8,13,0
"Pver_gene_g6735",0,7,0,14,204,40,106,79
"Pver_gene_g6750",150,170,177,122,71,24,46,39
"Pver_gene_g6749",44,73,86,65,199,70,100,192
"Pver_gene_g6747",0,0,0,0,152,96,168,113
"Pver_gene_g6763",26,19,52,0,200,102,95,311
"Pver_gene_g6764",0,0,0,0,34,11,30,43
"Pver_gene_g6759",23,41,39,27,324,131,245,322
"Pver_gene_g6767",28,41,62,45,438,199,150,571
"Pver_gene_g6769",0,0,0,0,138,34,113,192
"Pver_gene_g6813",207,154,191,121,9,9,33,35
"Pver_gene_g6815",0,0,0,0,187,89,172,433
"Pver_gene_g6819",0,0,0,0,60,67,46,15
"Pver_gene_g6820",0,0,0,0,187,109,151,476
"Pver_gene_g6821",0,0,0,0,263,156,222,542
"Pver_gene_g6826",0,0,0,0,145,25,17,45
"Pver_gene_g6827",0,0,0,0,53,21,24,32
"Pver_gene_g6828",35,66,87,29,361,90,161,300
"Pver_gene_g6784",92,65,98,52,66,9,15,41
"Pver_gene_g6786",58,47,84,43,580,164,236,672
"Pver_gene_g6787",0,25,11,0,72,60,91,89
"Pver_gene_g6796",45,65,82,17,220,41,104,213
"Pver_gene_g6850",472,419,556,452,363,86,229,381
"Pver_gene_g6833",70,51,59,28,11,0,0,13
"Pver_gene_g6840",457,465,454,395,91,32,167,248
"Pver_gene_g6843",0,0,19,0,123,38,36,126
"Pver_gene_g6859",311,181,331,143,69,17,56,79
"Pver_gene_g6866",0,0,0,0,17,11,13,18
"Pver_gene_g6867",0,0,0,0,110,64,52,105
"Pver_gene_g6884",287,311,312,194,0,9,26,19
"Pver_gene_g6872",0,10,0,0,282,98,109,249
"Pver_gene_g6876",68,68,49,45,2924,1073,1475,2566
"Pver_gene_g6877",226,205,265,143,46,13,37,45
"Pver_gene_g6907",101,102,76,78,283,112,201,344
"Pver_gene_g6908",0,16,0,7,99,58,38,88
"Pver_gene_g6889",85,72,113,87,303,78,171,215
"Pver_gene_g6893",0,0,0,0,39,14,42,94
"Pver_gene_g6901",462,463,624,415,322,76,170,246
"Pver_gene_g6915",8,0,31,0,308,86,210,272
"Pver_gene_g6916",43,85,75,26,182,80,197,238
"Pver_gene_g6949",110,118,130,68,88,27,21,50
"Pver_gene_g6950",0,0,0,0,121,35,78,89
"Pver_novel_gene_265_5de57afd",2,22,5,7,31,15,41,61
"Pver_gene_g6918",1133,1473,1500,997,232,64,90,110
"Pver_gene_g6921",70,155,190,136,56,7,58,36
"Pver_gene_g6923",0,25,16,19,347,164,86,510
"Pver_gene_g6942",80,52,85,65,136,76,122,216
"Pver_gene_g7006",0,0,24,0,371,453,335,684
"Pver_gene_g7009",0,0,0,0,483,211,434,910
"Pver_gene_g6963",24,17,35,15,0,0,0,0
"Pver_gene_g6965",0,0,0,0,80,40,112,207
"Pver_gene_g6970",0,0,8,0,561,174,226,806
"Pver_gene_g6971",79,76,91,93,29,0,17,4
"Pver_gene_g6973",461,485,466,326,138,55,205,197
"Pver_novel_gene_266_5de57afd",47,46,48,28,143,122,148,229
"Pver_gene_g6977",0,0,0,0,50,47,59,30
"Pver_gene_g6978",0,0,0,0,75,91,63,89
"Pver_gene_g7007",0,0,0,0,362,489,845,752
"Pver_gene_g7015",151,175,230,154,110,22,41,85
"Pver_gene_g7017",1457,1858,2698,1672,1424,422,699,1428
"Pver_gene_g6982",34,60,102,56,1080,411,479,1418
"Pver_gene_g6992",41,141,121,64,426,134,224,409
"Pver_gene_g6993",0,0,0,0,435,212,336,465
"Pver_gene_g6994",0,0,0,0,105,65,81,212
"Pver_gene_g7003_gene_g7004",0,0,23,0,2261,1283,756,3445
"Pver_gene_g7024",342,414,612,502,193,46,101,311
"Pver_gene_g7025",300,181,265,145,108,30,88,111
"Pver_gene_g7026",32,0,8,0,346,278,168,687
"Pver_gene_g7027",402,388,365,308,206,91,128,226
"Pver_gene_g7090",52,24,22,21,154,85,87,277
"Pver_gene_g7099",87,57,78,60,296,87,217,295
"Pver_gene_g7073",386,451,497,363,80,15,33,70
"Pver_gene_g7075",463,743,727,546,352,109,196,381
"Pver_gene_g7085",0,0,0,0,126,65,115,185
"Pver_gene_g7032",0,0,0,0,194,66,184,208
"Pver_gene_g7034",600,887,1025,590,72,22,67,109
"Pver_gene_g7038",336,370,444,357,1067,393,655,1017
"Pver_gene_g7046",0,0,0,0,44,14,83,60
"Pver_gene_g7047",204,176,229,158,78,42,104,102
"Pver_gene_g7049",688,578,785,518,248,67,106,265
"Pver_gene_g7050",0,55,22,30,352,166,210,425
"Pver_gene_g7053",40,31,61,26,140,27,55,218
"Pver_novel_gene_268_5de57afd",212,99,200,89,40,10,6,7
"Pver_gene_g7108",0,21,41,14,332,103,176,505
"Pver_gene_g7105",0,0,0,0,238,32,139,334
"Pver_gene_g7132",68,82,101,26,653,218,162,680
"Pver_gene_g7133",102,88,199,85,97,11,49,64
"Pver_gene_g7116",132,141,139,134,262,178,229,291
"Pver_gene_g7125",0,30,50,36,6199,1086,2371,5974
"Pver_gene_g7126",0,0,0,0,120,69,49,182
"Pver_gene_g7127",35,68,37,36,436,158,298,541
"Pver_gene_g7129",262,186,184,156,48,21,32,66
"Pver_gene_g7199",83,62,60,57,10,4,9,12
"Pver_gene_g7142",0,13,14,17,102,42,42,112
"Pver_gene_g7150",108,198,222,114,81,26,49,52
"Pver_gene_g7152",467,600,648,479,69,0,59,60
"Pver_gene_g7155",98,149,89,56,447,106,212,358
"Pver_gene_g7159",2112,1524,1771,1009,840,135,370,591
"Pver_gene_g7167",63,27,45,14,166,52,195,110
"Pver_gene_g7210",0,0,0,0,31,30,18,83
"Pver_gene_g7209",61,99,84,48,1609,350,507,1886
"Pver_gene_g7220",395,326,424,324,90,10,42,65
"Pver_gene_g7227",17,8,24,10,39,43,42,57
"Pver_gene_g7269",0,0,0,0,97,101,67,94
"Pver_gene_g7273",0,0,0,0,330,163,222,371
"Pver_gene_g7274",34,96,185,93,348,137,271,303
"Pver_gene_g7229",409,391,612,490,2065,254,566,2214
"Pver_gene_g7231",385,230,238,128,28,12,27,23
"Pver_gene_g7237",56,87,135,91,237,93,164,311
"Pver_gene_g7238",139,125,143,101,255,87,149,291
"Pver_gene_g7240",151,133,156,134,22,0,4,0
"Pver_gene_g7243",0,0,0,0,333,52,123,406
"Pver_gene_g7247",31,35,26,22,97,29,42,85
"Pver_gene_g7277",811,1232,1345,841,389,254,422,515
"Pver_novel_gene_280_5de57afd",165,255,244,156,100,15,55,97
"Pver_gene_g7321",0,0,0,0,44,15,18,63
"Pver_gene_g7329",0,0,0,0,23,14,27,53
"Pver_gene_g7327",157,94,126,32,18,0,30,10
"Pver_gene_g7341",0,0,0,0,22,21,65,25
"Pver_gene_g7339",1439,1884,2914,2025,664,175,305,519
"Pver_gene_g7343",0,17,0,0,403,51,81,261
"Pver_gene_g7298",318,294,254,226,1182,316,1187,1904
"Pver_gene_g7351",1213,1950,1889,1368,1297,357,292,1132
"Pver_gene_g7352",0,14,0,20,153,61,138,110
"Pver_gene_g7364",0,0,0,0,73,28,37,87
"Pver_gene_g7361",227,177,299,137,86,29,69,67
"Pver_gene_g7363",422,567,677,357,166,68,75,148
"Pver_gene_g7425",267,188,274,157,89,10,41,97
"Pver_gene_g7374",0,0,0,0,70,20,91,52
"Pver_gene_g7376",0,0,0,0,270,95,263,219
"Pver_gene_g7384",0,23,0,0,260,58,73,234
"Pver_gene_g7461",108,144,164,94,39,33,46,97
"Pver_gene_g7467",25,42,50,48,0,0,0,0
"Pver_gene_g7465",0,19,34,21,174,60,117,211
"Pver_gene_g7468",989,888,887,762,53,16,122,77
"Pver_gene_g7398",223,226,186,166,93,14,59,55
"Pver_gene_g7399",267,285,244,163,30,0,24,39
"Pver_gene_g7416",114,82,143,57,216,73,161,200
"Pver_gene_g7478",45,41,72,73,175,44,118,182
"Pver_gene_g7479",0,0,0,0,18,12,21,56
"Pver_gene_g7469",0,17,0,0,1458,215,271,1217
"Pver_gene_g7474",28,55,55,51,458,133,334,546
"Pver_gene_g7441",191,164,204,144,557,161,398,536
"Pver_gene_g7446",24,11,26,33,123,33,53,89
"Pver_gene_g7452",143,117,148,136,94,28,46,127
"Pver_gene_g7459",0,0,0,0,188,33,125,144
"Pver_gene_g7491",74,49,69,37,836,141,231,806
"Pver_gene_g7488",0,8,25,0,984,123,342,1020
"Pver_gene_g7498",233,308,312,210,1035,325,581,857
"Pver_gene_g7535",1334,1404,1618,1294,400,67,95,239
"Pver_gene_g7537",0,0,0,0,51,29,19,20
"Pver_gene_g7538",0,0,0,0,113,57,79,91
"Pver_gene_g7611",0,0,0,0,64,19,105,52
"Pver_gene_g7615",0,0,0,0,107,27,22,171
"Pver_gene_g7550",0,0,0,0,128,15,31,125
"Pver_gene_g7569",0,0,0,0,649,172,605,460
"Pver_gene_g7570",66,27,11,7,684,184,245,532
"Pver_gene_g7572",210,156,162,117,32,29,56,27
"Pver_gene_g7576",129,184,139,162,810,273,522,1074
"Pver_gene_g7577",809,824,873,535,3375,2073,1692,3017
"Pver_gene_g7582",69,52,60,59,33,5,24,7
"Pver_gene_g7583",78,91,126,101,14,0,8,64
"Pver_gene_g7584",48,33,51,23,243,60,84,157
"Pver_gene_g7623",334,351,272,216,26,50,63,47
"Pver_gene_g7597",384,342,400,240,190,33,171,128
"Pver_gene_g7600",22,39,59,73,216,61,117,283
"Pver_gene_g7602",0,10,0,0,3982,747,1617,4221
"Pver_gene_g7604",61,43,49,0,241,73,434,331
"Pver_gene_g7717",28,4,5,0,282,44,119,219
"Pver_gene_g7631",333,418,474,416,113,23,48,122
"Pver_gene_g7633",0,0,0,0,58,22,116,47
"Pver_gene_g7640",222,215,206,141,17,13,30,22
"Pver_gene_g7641",2899,1803,1902,1270,10074,1373,4631,9596
"Pver_gene_g7642",0,0,0,0,117,53,19,322
"Pver_gene_g7643",63,79,62,26,13,0,11,32
"Pver_gene_g7644",0,0,8,0,741,27,463,746
"Pver_gene_g7645",155,156,162,109,20,8,0,31
"Pver_gene_g7646",64,55,71,73,13,0,0,0
"Pver_gene_g7657",107,149,207,159,41,11,29,58
"Pver_gene_g7715",0,0,0,0,57,23,25,87
"Pver_gene_g7757",145,196,142,155,20,16,18,30
"Pver_gene_g7688",94,95,81,68,311,91,120,250
"Pver_gene_g7689",177,147,163,146,78,35,30,84
"Pver_gene_g7698",91,116,103,94,13,0,0,21
"Pver_gene_g7704",87,55,46,41,990,232,532,968
"Pver_gene_g7705",0,0,0,0,157,65,78,276
"Pver_gene_g7722",0,42,12,0,293,131,261,438
"Pver_gene_g7724",0,19,32,19,1897,260,404,1829
"Pver_gene_g7729",32,72,98,49,12,0,0,0
"Pver_gene_g7731",68,113,97,82,33,22,49,39
"Pver_gene_g7736",71,85,58,48,32,4,24,44
"Pver_gene_g7744",0,11,17,7,55,18,50,66
"Pver_gene_g7745",804,573,783,674,307,90,254,377
"Pver_gene_g7746",0,0,0,0,48,18,25,29
"Pver_gene_g7747",990,823,1029,842,73,0,31,42
"Pver_gene_g7749",0,0,49,0,4867,1163,1303,4553
"Pver_gene_g7799",3836,4467,6027,4902,694,44,627,1029
"Pver_gene_g7801",40,54,35,27,227,85,134,347
"Pver_gene_g7831",14,30,30,22,0,0,0,0
"Pver_gene_g7777",0,9,12,5,310,102,94,314
"Pver_gene_g7844",360,381,473,212,156,52,134,158
"Pver_gene_g7850",138,192,185,94,46,13,55,22
"Pver_gene_g7887",45,29,46,21,358,519,137,316
"Pver_gene_g7951",324,346,427,301,69,0,79,70
"Pver_gene_g7952",107,91,150,161,47,22,31,31
"Pver_gene_g7962",0,0,0,0,57,22,12,36
"Pver_gene_g7960",32,37,39,17,254,81,134,108
"Pver_gene_g7905",9,0,0,0,44,22,49,84
"Pver_gene_g7906",147,79,137,123,50,21,57,29
"Pver_gene_g7909",0,0,0,0,95,13,17,66
"Pver_gene_g7910",49,53,74,44,159,124,87,226
"Pver_gene_g7919",375,495,459,421,279,47,111,217
"Pver_gene_g7852",73,71,113,99,3597,761,882,4616
"Pver_gene_g7854",0,0,0,0,61,28,55,23
"Pver_gene_g7856",409,370,495,419,146,115,198,140
"Pver_gene_g7857",61,46,49,58,286,59,141,260
"Pver_gene_g7860",0,0,0,0,2410,722,1181,3326
"Pver_gene_g7861",0,0,0,0,4740,1271,2386,7408
"Pver_gene_g7863",0,0,0,0,103,42,92,228
"Pver_gene_g7870",0,0,72,0,5445,2480,3410,9132
"Pver_gene_g7871",0,0,0,0,205,72,166,391
"Pver_gene_g7872",0,0,0,0,353,79,122,434
"Pver_gene_g7873",0,0,0,0,1115,473,670,1852
"Pver_gene_g7874",0,0,0,0,393,239,384,588
"Pver_gene_g7875",0,0,0,0,379,178,235,568
"Pver_gene_g7876",0,0,0,0,519,307,454,707
"Pver_gene_g7877",0,0,0,0,1225,363,463,1760
"Pver_gene_g7878",24,46,33,47,245,189,250,332
"Pver_gene_g7879",61,104,59,78,353,89,122,243
"Pver_gene_g7881",73,51,71,42,11,0,20,7
"Pver_gene_g7882",78,147,174,100,416,81,178,326
"Pver_gene_g7928",0,0,25,0,137,131,175,198
"Pver_gene_g7938",10,37,44,36,571,457,494,745
"Pver_gene_g7939",553,388,562,333,212,30,157,174
"Pver_gene_g7981",0,10,0,4,53,21,167,85
"Pver_gene_g7986",371,281,257,161,109,55,97,88
"Pver_gene_g7990",17,74,58,91,0,0,0,0
"Pver_gene_g7973",706,606,905,485,147,10,106,174
"Pver_gene_g7976",201,250,316,155,140,23,38,111
"Pver_gene_g8029",99,153,262,137,19,5,0,0
"Pver_gene_g8030",153,248,223,168,868,294,337,1019
"Pver_gene_g8064",314,262,260,199,181,30,86,189
"Pver_gene_g8067",39,26,33,42,141,115,162,172
"Pver_gene_g8086",100,152,157,59,340,127,205,333
"Pver_gene_g8049",0,0,0,0,53,13,89,57
"Pver_gene_g8052",119,114,117,89,67,21,61,95
"Pver_gene_g8057",338,342,318,233,153,33,120,247
"Pver_gene_g8089",22,10,10,8,42,215,16,201
"Pver_gene_g8006",45,101,84,84,166,80,266,221
"Pver_gene_g8008",63,37,51,59,205,47,65,192
"Pver_gene_g8014",110,77,36,70,955,278,395,912
"Pver_gene_g8016",362,307,278,263,2150,585,889,2126
"Pver_gene_g8018",0,0,29,0,456,88,379,949
"Pver_gene_g8078",0,0,0,0,284,100,119,272
"Pver_gene_g8079",348,397,407,374,97,21,39,260
"Pver_gene_g8138",23,30,15,34,210,29,155,233
"Pver_gene_g8106",63,22,81,37,0,0,0,0
"Pver_gene_g8105",244,503,518,429,1894,1053,1701,1829
"Pver_gene_g8111",73,60,98,55,619,135,166,510
"Pver_gene_g8117",490,656,771,502,208,90,219,279
"Pver_gene_g8193",0,6,5,4,72,20,29,106
"Pver_gene_g8145",109,76,76,51,0,0,5,0
"Pver_gene_g8143",97,119,111,114,75,14,35,67
"Pver_gene_g8144",688,960,830,747,311,51,142,226
"Pver_gene_g8147",0,22,0,32,167,239,800,345
"Pver_gene_g8149",29,56,31,56,736,360,343,491
"Pver_gene_g8150",0,0,0,0,29,30,43,67
"Pver_gene_g8151",328,454,428,327,665,261,402,791
"Pver_gene_g8152",262,485,381,345,178,51,68,236
"Pver_gene_g8154",105,143,122,175,289,115,254,319
"Pver_gene_g8155",123,124,198,103,517,123,308,511
"Pver_gene_g8157",579,659,837,492,421,74,247,493
"Pver_gene_g8159",563,800,794,684,276,117,284,323
"Pver_gene_g8169",36,74,48,13,554,149,196,621
"Pver_novel_gene_305_5de57afd",0,0,0,0,344,457,197,335
"Pver_gene_g8180",141,112,95,82,54,7,22,43
"Pver_gene_g8184",0,0,0,0,59,17,20,25
"Pver_gene_g8190",0,0,0,0,56,14,65,24
"Pver_gene_g8191",0,9,26,0,45,80,146,57
"Pver_gene_g8213",1254,903,1038,685,21,0,22,54
"Pver_gene_g8214",928,725,931,681,356,139,281,308
"Pver_gene_g8216",0,0,0,0,735,274,393,792
"Pver_gene_g8223",0,0,0,0,164,13,41,114
"Pver_gene_g8228",319,373,371,269,196,74,174,233
"Pver_gene_g8250",123,116,115,109,341,103,227,340
"Pver_gene_g8237",0,0,14,0,306,499,208,379
"Pver_gene_g8241",0,0,0,0,259,102,228,459
"Pver_gene_g8247",61,93,80,53,419,154,212,380
"Pver_gene_g8248",0,0,0,0,363,83,157,417
"Pver_gene_g8249",775,800,651,418,55,18,21,14
"Pver_gene_g8253",0,0,0,0,172,34,14,81
"Pver_gene_g8256",735,1005,997,548,30,14,53,94
"Pver_gene_g8257",0,0,0,0,53,82,73,76
"Pver_gene_g8258",467,595,603,348,101,22,83,124
"Pver_gene_g8259",106,91,87,92,16,5,15,2
"Pver_gene_g8262",0,0,5,0,64,60,36,86
"Pver_gene_g8266",0,12,0,0,88,47,50,78
"Pver_gene_g8270",325,457,493,346,222,59,202,159
"Pver_gene_g8351",0,0,0,0,138,60,88,192
"Pver_gene_g8299",28,15,40,20,0,0,0,0
"Pver_gene_g8287",0,0,0,0,209,26,146,399
"Pver_gene_g8288",0,0,0,0,120,76,28,96
"Pver_gene_g8289",0,0,0,0,314,79,126,321
"Pver_gene_g8292",145,102,136,100,74,16,30,38
"Pver_gene_g8294",0,0,0,0,62,54,58,64
"Pver_gene_g8297",0,0,0,0,78,97,102,57
"Pver_gene_g8298",80,81,111,42,471,114,90,306
"Pver_gene_g8345",299,482,450,375,2462,536,2003,2246
"Pver_gene_g8375",22,30,13,27,114,74,71,77
"Pver_gene_g8376",18,41,22,34,269,39,66,192
"Pver_gene_g8324",91,239,289,263,2660,543,917,2522
"Pver_gene_g8327",0,0,0,0,53,54,66,124
"Pver_gene_g8381",0,17,37,0,350,96,216,350
"Pver_gene_g8384",0,0,0,7,602,108,184,579
"Pver_gene_g8356",0,0,0,0,97,58,62,89
"Pver_gene_g8358",51,59,34,10,553,95,199,291
"Pver_gene_g8359",47,36,46,35,167,43,65,68
"Pver_gene_g8360",206,249,356,398,1665,686,1075,1910
"Pver_gene_g8385",1255,1437,1601,1349,2840,1006,1348,2807
"Pver_gene_g8390",51,61,52,36,12,0,6,0
"Pver_gene_g8391",0,9,10,0,63,35,64,206
"Pver_gene_g8395",72,35,56,80,6,6,9,0
"Pver_gene_g8439",0,0,0,0,83,17,48,65
"Pver_gene_g8441",0,17,36,0,209,402,353,179
"Pver_gene_g8445",111,223,309,233,56,10,19,70
"Pver_gene_g8446",0,0,0,0,186,99,110,231
"Pver_gene_g8460",0,0,0,0,39,36,46,47
"Pver_gene_g8461",26,27,65,37,288,71,221,237
"Pver_gene_g8462",26,19,44,17,94,112,83,138
"Pver_gene_g8413",131,137,155,105,39,16,50,26
"Pver_gene_g8427",0,0,0,0,159,63,204,300
"Pver_gene_g8466",166,129,147,103,0,9,24,19
"Pver_gene_g8470",20,32,44,36,123,48,163,123
"Pver_gene_g8483",157,189,269,77,24,27,72,90
"Pver_gene_g8484",63,49,77,31,23,15,21,15
"Pver_gene_g8490",10979,12559,16103,11685,0,5,0,0
"Pver_gene_g8488",0,0,0,0,389,97,210,495
"Pver_gene_g8529",0,0,0,0,503,267,184,495
"Pver_gene_g8537",125,87,124,76,492,67,168,369
"Pver_gene_g8517",0,0,0,0,219,112,219,213
"Pver_gene_g8522",0,0,0,0,174,151,82,175
"Pver_gene_g8523",0,0,0,0,39,13,32,38
"Pver_gene_g8527",132,163,264,93,452,111,253,448
"Pver_gene_g8540",0,21,24,0,1446,343,658,1026
"Pver_gene_g8575",870,817,1102,823,757,244,398,666
"Pver_gene_g8578",0,0,54,0,7508,1409,2772,7466
"Pver_gene_g8627",0,0,0,0,85,162,450,122
"Pver_gene_g8641",36,21,40,0,232,66,124,351
"Pver_gene_g8640",0,0,33,0,3067,659,1221,2440
"Pver_gene_g8642",0,35,18,0,101,105,210,116
"Pver_gene_g8643",26,57,123,76,20,8,25,27
"Pver_gene_g8644",0,19,0,13,298,71,79,187
"Pver_gene_g8611",0,0,0,0,114,34,27,43
"Pver_gene_g8634",0,0,18,0,195,27,123,219
"Pver_gene_g8637",616,642,830,489,106,31,129,128
"Pver_gene_g8598",50,27,24,37,0,0,0,0
"Pver_gene_g8579",0,0,0,0,104,20,144,118
"Pver_gene_g8581",427,411,483,371,48,25,29,30
"Pver_gene_g8591",0,0,0,0,95,39,36,133
"Pver_gene_g8592",48,63,93,32,160,62,110,260
"Pver_gene_g8594",0,39,51,20,198,79,444,184
"Pver_gene_g8596",229,225,279,228,94,57,50,59
"Pver_gene_g8602",0,0,0,0,52,15,29,33
"Pver_gene_g8670",421,511,460,388,364,80,218,249
"Pver_gene_g8656",16,26,46,26,522,123,158,381
"Pver_gene_g8697",106,186,179,139,36,16,66,58
"Pver_gene_g8708",0,0,0,0,169,39,96,242
"Pver_gene_g8679",0,8,0,5,53,51,94,79
"Pver_gene_g8684",164,259,305,239,1022,246,309,1137
"Pver_gene_g8689",0,0,0,0,106,160,108,175
"Pver_novel_gene_332_5de57afd",0,0,0,0,22,20,15,77
"Pver_novel_gene_333_5de57afd",0,0,0,0,47,20,85,120
"Pver_gene_g8717",131,140,162,161,88,14,62,84
"Pver_gene_g8716",176,207,227,118,50,13,57,24
"Pver_gene_g8731",0,8,0,40,854,118,241,837
"Pver_gene_g8749",0,0,0,0,26,20,38,40
"Pver_gene_g8771",0,18,16,19,249,87,179,250
"Pver_gene_g8811",0,0,20,0,103,25,124,128
"Pver_gene_g8812",0,0,0,0,357,111,170,450
"Pver_gene_g8833",118,163,194,133,1459,539,474,1186
"Pver_gene_g8841",0,8,0,0,84,26,63,84
"Pver_gene_g8838",188,235,325,123,0,0,28,0
"Pver_gene_g8793",954,1170,1402,1067,275,78,130,246
"Pver_gene_g8794",0,0,0,0,198,221,190,150
"Pver_gene_g8798",429,400,389,192,26,0,31,29
"Pver_gene_g8799",0,44,44,16,332,60,113,232
"Pver_gene_g8876",58,114,181,80,24,0,17,58
"Pver_gene_g8892",27,29,36,34,152,30,104,196
"Pver_gene_g8898",0,46,60,19,411,48,102,347
"Pver_gene_g8901",326,302,389,190,188,44,174,250
"Pver_gene_g8854",87,104,144,91,38,3,20,87
"Pver_gene_g8855",0,0,0,0,255,183,121,318
"Pver_gene_g8859",47,35,81,26,280,57,152,262
"Pver_gene_g8907",347,394,619,468,152,24,88,143
"Pver_gene_g8913",60,118,92,21,17,0,11,18
"Pver_gene_g8918",22,40,23,21,180,63,113,225
"Pver_gene_g8934",391,480,580,390,168,0,77,110
"Pver_gene_g8947",0,0,0,0,124,44,65,156
"Pver_gene_g8950",183,93,124,98,25,7,7,52
"Pver_gene_g8951",0,0,0,0,44,21,24,17
"Pver_gene_g8953",0,0,0,0,54,63,72,74
"Pver_gene_g8960",103,86,168,97,244,81,203,227
"Pver_gene_g8965",372,440,315,262,0,0,0,0
"Pver_gene_g8962",601,611,977,913,234,16,56,333
"Pver_gene_g8968",442,458,603,389,185,114,203,255
"Pver_gene_g8970",47,44,32,33,102,124,127,128
"Pver_gene_g8971",174,106,82,77,35,4,46,17
"Pver_gene_g8977",33,64,44,0,1120,233,254,1129
"Pver_gene_g8978",122,153,132,69,38,27,36,48
"Pver_gene_g8991",0,0,0,0,54,91,35,67
"Pver_gene_g8989",183,196,218,191,387,248,197,646
"Pver_gene_g8988",0,0,0,0,1105,316,512,1176
"Pver_gene_g9060",0,0,0,0,208,98,74,206
"Pver_gene_g9061",41,37,64,45,80,51,77,124
"Pver_gene_g9062",0,10,0,0,160,41,56,152
"Pver_gene_g9063",110,116,143,73,248,96,240,234
"Pver_gene_g9067",12,11,21,23,464,115,210,375
"Pver_gene_g9068",141,106,130,64,57,19,40,37
"Pver_gene_g9071",54,136,101,44,200,100,195,355
"Pver_gene_g9098",0,0,0,0,116,33,67,141
"Pver_gene_g9104",0,0,0,0,300,46,102,298
"Pver_gene_g9021",644,675,732,422,194,58,96,152
"Pver_gene_g9025",134,174,189,134,4716,694,1597,5156
"Pver_gene_g9030",0,0,0,0,43,17,52,15
"Pver_gene_g9044",0,20,40,17,146,44,58,217
"Pver_gene_g9107",78,129,114,97,252,63,168,254
"Pver_gene_g9115",37,36,20,10,118,36,76,93
"Pver_gene_g9112",136,182,181,124,662,353,701,469
"Pver_gene_g9130",0,0,0,0,91,37,62,99
"Pver_gene_g9150",0,0,0,0,62,30,25,113
"Pver_gene_g9154",0,6,0,0,79,50,34,121
"Pver_gene_g9155",94,195,223,162,829,303,456,868
"Pver_gene_g9125",29,13,39,10,83,126,90,79
"Pver_gene_g9172",0,0,0,0,101,28,23,103
"Pver_gene_g9241",0,5,0,0,80,11,26,51
"Pver_gene_g9244",0,0,0,0,405,180,240,598
"Pver_gene_g9264",0,0,0,0,228,62,54,198
"Pver_gene_g9210",210,159,210,129,458,318,449,746
"Pver_gene_g9226",210,149,127,43,54,7,24,14
"Pver_gene_g9227",395,356,411,267,841,399,553,792
"Pver_gene_g9294",338,417,454,271,158,54,100,199
"Pver_gene_g9300",0,0,0,0,98,71,112,142
"Pver_gene_g9247",153,105,203,147,1070,282,443,921
"Pver_gene_g9252",563,473,529,317,262,72,217,213
"Pver_gene_g9256",137,183,131,83,42,18,81,54
"Pver_gene_g9262",105,129,127,118,18,6,41,38
"Pver_gene_g9307",124,56,144,85,65,21,36,38
"Pver_gene_g9316",40,71,71,82,13,0,0,25
"Pver_gene_g9321",0,18,39,11,143,29,99,170
"Pver_gene_g9322",0,0,6,0,120,32,106,83
"Pver_gene_g9267",0,0,0,0,2125,1571,2684,2421
"Pver_gene_g9268",1309,1041,1167,862,199,45,74,178
"Pver_gene_g9283",8,39,64,44,131,185,274,225
"Pver_gene_g9327",216,283,382,180,161,54,102,260
"Pver_gene_g9328",0,0,0,0,24,15,40,17
"Pver_gene_g9345",61,56,54,104,699,178,355,596
"Pver_gene_g9348",14,24,21,35,134,22,38,84
"Pver_gene_g9349",0,0,0,0,36,15,23,51
"Pver_gene_g9353",224,220,252,195,57,10,49,86
"Pver_gene_g9360",446,634,778,487,153,36,95,142
"Pver_gene_g9356",29,51,50,59,177,92,134,124
"Pver_gene_g9361",141,85,113,135,416,129,245,580
"Pver_gene_g9366",0,0,0,0,30,63,66,21
"Pver_gene_g9367_gene_g9368",391,458,429,228,105,17,52,38
"Pver_gene_g9384",309,324,444,330,262,65,86,170
"Pver_gene_g9388",22,28,36,16,214,69,124,217
"Pver_gene_g9376",14,32,31,15,132,58,51,125
"Pver_gene_g9378",0,0,0,0,46,17,57,39
"Pver_gene_g9379",0,0,0,0,251,95,158,328
"Pver_gene_g9380",360,443,338,288,636,225,651,1092
"Pver_gene_g9396",52,103,196,144,17,0,0,0
"Pver_gene_g9391",457,457,348,242,288,70,188,331
"Pver_gene_g9394",256,269,227,135,17,0,31,17
"Pver_gene_g9397",436,545,406,329,295,99,178,272
"Pver_gene_g9398",0,0,0,0,536,135,220,541
"Pver_gene_g9477",306,393,615,469,256,22,96,323
"Pver_gene_g9415",0,12,0,0,104,18,76,154
"Pver_gene_g9418",350,317,375,223,837,262,387,806
"Pver_gene_g9420",21,20,56,30,124,61,84,158
"Pver_gene_g9422",86,112,144,70,247,83,161,366
"Pver_gene_g9423",811,1219,1024,714,6293,2643,2817,7666
"Pver_gene_g9424",219,145,164,160,22,0,0,25
"Pver_gene_g9427",0,6,0,0,369,218,225,339
"Pver_gene_g9484",0,45,43,52,1421,256,465,1313
"Pver_gene_g9485",320,548,666,397,230,39,98,200
"Pver_gene_g9502",538,323,239,156,0,0,7,0
"Pver_gene_g9501",633,920,1042,845,109,23,168,131
"Pver_gene_g9506",89,93,135,92,318,91,97,267
"Pver_gene_g9511",79,83,163,140,25,0,12,68
"Pver_gene_g9531",106,211,242,136,43,57,47,69
"Pver_gene_g9524",0,5,0,0,213,38,73,227
"Pver_gene_g9527",0,3,0,0,45,25,20,20
"Pver_gene_g9534",69,84,127,87,71,8,34,62
"Pver_gene_g9537",559,914,862,700,77,11,79,83
"Pver_gene_g9540",0,0,0,0,175,53,94,198
"Pver_gene_g9548",0,0,0,0,43,30,32,145
"Pver_gene_g9549",348,294,326,273,82,19,36,106
"Pver_gene_g9551",0,0,0,0,44,12,12,36
"Pver_gene_g9541",640,986,1083,773,149,22,143,71
"Pver_gene_g9543",122,150,86,80,359,79,140,492
"Pver_gene_g9601",126,99,83,65,341,54,143,365
"Pver_gene_g9588",870,1181,1713,1441,0,0,0,0
"Pver_gene_g9569",82,140,139,111,54,10,42,21
"Pver_gene_g9579",53,108,89,33,356,211,489,415
"Pver_gene_g9585",109,72,132,93,360,71,141,263
"Pver_gene_g9589",326,366,328,298,168,58,125,112
"Pver_gene_g9592",126,199,231,172,66,21,52,79
"Pver_gene_g9593",111,146,142,69,296,84,182,371
"Pver_gene_g9596",152,262,328,220,1593,397,662,1426
"Pver_gene_g9599",41,86,146,49,18,13,34,31
"Pver_gene_g9603",166,191,183,193,43,0,46,33
"Pver_gene_g9604",0,42,53,22,881,243,338,939
"Pver_gene_g9605",4605,5298,5953,4297,2074,907,1397,2109
"Pver_gene_g9634",140,206,255,133,138,54,100,142
"Pver_gene_g9614",230,265,293,282,187,53,83,206
"Pver_novel_gene_366_5de57afd",390,550,410,325,360,75,180,275
"Pver_gene_g9619",0,0,0,0,30,22,50,116
"Pver_gene_g9624",21,26,23,18,92,16,44,77
"Pver_gene_g9644",924,1170,1380,838,344,114,261,312
"Pver_gene_g9638",0,6,0,6,44,18,21,71
"Pver_gene_g9641",782,1200,1206,1248,941,223,261,870
"Pver_gene_g9652",0,0,0,0,55,14,30,53
"Pver_gene_g9650",35,22,5,23,72,59,59,114
"Pver_gene_g9656",0,0,0,0,37,35,63,44
"Pver_gene_g9654",58,62,91,31,37,8,10,19
"Pver_gene_g9646",35,45,38,33,326,32,77,150
"Pver_gene_g9660",38,55,29,25,163,61,133,156
"Pver_gene_g9659",0,13,0,0,38,41,116,35
"Pver_gene_g9661",0,0,0,0,57,19,40,76
"Pver_gene_g9682",0,18,0,0,230,45,90,133
"Pver_gene_g9685",0,0,0,0,70,22,41,49
"Pver_gene_g9696",88,264,270,235,49,14,70,49
"Pver_gene_g9706",0,0,0,0,150,86,133,245
"Pver_gene_g9677",325,352,376,338,96,21,43,123
"Pver_gene_g9703",56,46,124,45,0,0,12,0
"Pver_gene_g9701",1620,1248,1764,965,404,92,274,430
"Pver_gene_g9704",0,0,0,0,106,24,60,69
"Pver_gene_g9727",103,116,80,77,66,6,18,48
"Pver_gene_g9718",0,50,67,42,224,157,230,558
"Pver_gene_g9747",0,0,0,0,142,20,43,141
"Pver_gene_g9712",95,100,119,53,795,225,288,607
"Pver_gene_g9715",0,0,0,0,49,34,33,35
"Pver_gene_g9760",0,0,0,0,190,34,110,287
"Pver_gene_g9766",351,387,656,391,20,0,20,28
"Pver_gene_g9756",209,280,349,267,43,10,37,19
"Pver_gene_g9773",108,140,121,41,37,7,34,38
"Pver_gene_g9785",419,544,541,385,155,26,149,150
"Pver_gene_g9789",118,150,240,157,95,39,65,132
"Pver_gene_g9808",105,135,239,127,372,117,195,332
"Pver_gene_g9813",25,28,50,42,350,88,102,425
"Pver_gene_g9809",201,180,158,109,0,0,19,0
"Pver_gene_g9810",467,385,424,394,249,88,127,288
"Pver_gene_g9817",0,8,0,0,138,115,43,115
"Pver_gene_g9820",339,230,341,265,233,45,171,105
"Pver_gene_g9824",65,113,98,79,189,58,107,255
"Pver_gene_g9794",0,32,27,6,166,63,74,268
"Pver_gene_g9826",0,0,0,0,20,51,131,47
"Pver_gene_g9829",328,482,396,303,1168,582,394,1132
"Pver_gene_g9854",110,153,141,99,102,14,61,63
"Pver_gene_g9846",228,236,316,235,56,0,75,66
"Pver_gene_g9867",46,26,28,45,231,32,85,120
"Pver_gene_g9869",0,0,0,0,67,11,51,97
"Pver_gene_g9875",0,0,0,11,255,77,78,363
"Pver_gene_g9858",225,232,208,209,122,41,41,136
"Pver_gene_g9863",5,0,28,0,3835,858,1542,5337
"Pver_gene_g9864",67,106,98,59,280,94,120,328
"Pver_gene_g9893",0,0,0,0,76,57,43,63
"Pver_gene_g9898",0,0,0,0,91,12,18,42
"Pver_gene_g9900",128,137,130,57,22,4,10,0
"Pver_gene_g9903",57,68,92,80,169,48,123,189
"Pver_gene_g9877",75,136,64,70,438,271,205,489
"Pver_gene_g9878",213,156,149,124,579,235,214,671
"Pver_gene_g9879",144,171,157,111,96,36,36,64
"Pver_gene_g9889",166,175,211,195,129,20,78,57
"Pver_gene_g9905",747,1231,2002,1361,0,0,43,37
"Pver_gene_g9907",0,0,0,17,451,129,200,541
"Pver_gene_g9908",0,23,0,0,297,52,131,326
"Pver_gene_g9916",0,0,0,0,37,19,13,37
"Pver_gene_g9912",300,388,484,322,1428,346,760,1487
"Pver_gene_g9921",0,0,9,0,296,124,372,507
"Pver_gene_g9923",0,0,0,0,523,316,676,803
"Pver_gene_g9927",0,8,0,0,412,232,119,404
"Pver_gene_g9924",322,432,564,436,191,103,134,224
"Pver_gene_g9936",142,196,245,144,878,283,708,1092
"Pver_gene_g9947",158,188,168,148,0,0,0,0
"Pver_gene_g9945",0,0,7,0,197,56,90,116
"Pver_gene_g9949",291,274,321,217,128,24,98,115
"Pver_gene_g9971",595,786,1244,1029,313,39,99,184
"Pver_gene_g9981",1122,1290,1628,1009,600,89,426,488
"Pver_gene_g9996",0,0,0,0,52,13,24,92
"Pver_gene_g10000",2082,2801,3600,2989,1964,278,475,1994
"Pver_gene_g9952",0,6,0,0,68,18,38,97
"Pver_gene_g9963",0,0,4,0,530,270,281,831
"Pver_gene_g10012",221,302,332,159,37,9,35,71
"Pver_gene_g10026",92,94,115,76,44,14,33,20
"Pver_gene_g10002",163,275,269,208,1638,444,573,1491
"Pver_gene_g10073",637,829,909,573,384,143,148,327
"Pver_gene_g10091",5,29,12,0,75,45,65,184
"Pver_novel_gene_393_5de57afd",0,0,0,0,111,59,90,172
"Pver_gene_g10085",0,0,0,0,121,22,14,150
"Pver_gene_g10087",0,3,5,0,101,57,74,67
"Pver_gene_g10051",68,35,32,33,124,48,94,219
"Pver_gene_g10053",25,29,43,5,147,15,120,181
"Pver_gene_g10061",43,47,14,46,1068,405,678,1375
"Pver_gene_g10062",346,507,621,352,96,5,108,73
"Pver_gene_g10111",1188,1256,1589,1012,275,55,195,256
"Pver_gene_g10148",42,111,55,194,13,0,0,0
"Pver_gene_g10145",123,199,251,135,71,17,34,57
"Pver_gene_g10109",66,109,118,99,933,150,345,922
"Pver_gene_g10150",0,0,0,0,50,20,43,45
"Pver_gene_g10149",130,194,189,133,1343,458,791,1846
"Pver_gene_g10162",67,45,50,16,184,70,89,115
"Pver_gene_g10168",64,87,132,49,406,44,205,345
"Pver_gene_g10151",1627,2192,2181,1707,952,129,411,550
"Pver_gene_g10153",141,156,146,126,38,11,41,22
"Pver_gene_g10191",0,0,0,0,56,131,91,57
"Pver_gene_g10193",332,333,225,189,102,37,82,145
"Pver_gene_g10194",252,194,450,283,70,42,57,153
"Pver_gene_g10192",131,171,152,115,539,187,335,548
"Pver_gene_g10173",277,291,250,214,120,68,97,187
"Pver_gene_g10224",0,0,0,0,53,15,39,114
"Pver_gene_g10223",211,273,287,152,92,41,149,112
"Pver_gene_g10226",124,155,161,109,278,91,171,269
"Pver_gene_g10203",0,0,0,0,31,16,22,85
"Pver_gene_g10205",0,0,0,0,137,142,102,373
"Pver_gene_g10208",85,60,110,20,260,67,98,272
"Pver_gene_g10210",838,813,823,774,4333,581,1545,4319
"Pver_gene_g10215",212,614,681,430,291,102,118,298
"Pver_gene_g10217",69,92,102,59,238,59,210,145
"Pver_gene_g10218",510,606,472,437,180,61,164,100
"Pver_gene_g10219",0,0,0,0,61,96,98,26
"Pver_gene_g10220",948,1294,1507,1033,165,44,240,163
"Pver_gene_g10221",222,251,334,167,87,20,75,74
"Pver_gene_g10232",408,373,435,340,2697,531,791,2482
"Pver_gene_g10235",17,21,19,13,113,11,61,45
"Pver_gene_g10238",239,227,234,172,27,8,52,24
"Pver_gene_g10240",188,292,237,193,150,15,81,129
"Pver_gene_g10243",0,54,40,0,861,196,325,981
"Pver_gene_g10245",128,200,188,127,40,5,39,42
"Pver_gene_g10247",11,43,17,10,66,31,38,118
"Pver_gene_g10249",0,0,21,0,351,50,217,238
"Pver_gene_g10270",0,0,0,0,55,40,25,55
"Pver_gene_g10262",143,132,156,138,410,119,186,382
"Pver_gene_g10283",0,0,0,0,41,14,57,130
"Pver_gene_g10271",32,54,63,69,158,29,261,284
"Pver_gene_g10299",0,0,0,0,95,13,19,98
"Pver_gene_g10298",0,0,0,0,117,28,108,199
"Pver_gene_g10284",369,733,1014,610,2639,818,1273,2500
"Pver_novel_gene_400_5de57afd",0,0,0,0,897,261,679,1128
"Pver_gene_g10287",240,248,261,234,62,9,36,26
"Pver_gene_g10356",376,285,257,206,69,24,71,60
"Pver_gene_g10353",32,125,115,132,445,204,1095,623
"Pver_gene_g10355",85,111,128,119,595,280,317,524
"Pver_gene_g10368",0,0,0,0,153,93,31,128
"Pver_gene_g10382",207,124,171,84,14,10,4,0
"Pver_gene_g10338",347,474,556,426,26149,5782,8931,23704
"Pver_gene_g10339",752,551,704,640,219,44,95,158
"Pver_gene_g10340",7,17,9,19,146,38,92,188
"Pver_gene_g10345",0,0,0,0,165,69,119,141
"Pver_gene_g10426",0,0,0,0,89,24,52,115
"Pver_gene_g10437",0,0,0,0,96,28,37,80
"Pver_gene_g10429",32,49,35,14,238,39,112,193
"Pver_gene_g10451",68,62,62,35,766,204,332,796
"Pver_gene_g10439",25,0,14,17,283,78,128,185
"Pver_gene_g10473",0,10,33,0,1982,399,552,1859
"Pver_gene_g10489",444,737,830,642,465,198,265,582
"Pver_gene_g10490",138,303,247,168,81,66,80,88
"Pver_gene_g10397",0,13,106,0,13174,2548,3935,12883
"Pver_gene_g10398",190,442,620,443,9021,1691,2347,8629
"Pver_gene_g10401",0,0,0,0,143,56,73,221
"Pver_gene_g10402",0,0,0,0,172,25,13,31
"Pver_gene_g10404",138,140,121,58,309,193,307,240
"Pver_gene_g10407",35,69,64,56,187,187,173,165
"Pver_gene_g10408",0,0,0,0,51,58,30,44
"Pver_gene_g10409",166,185,142,114,9,17,23,52
"Pver_gene_g10411",0,0,68,0,8161,3515,3985,12826
"Pver_gene_g10412",0,0,98,0,10252,3393,5304,15971
"Pver_gene_g10413",0,0,35,0,6692,3013,3474,9776
"Pver_gene_g10414",0,0,0,0,883,405,625,1710
"Pver_gene_g10480",486,464,449,408,238,89,141,167
"Pver_gene_g10481",188,254,227,146,1215,370,911,1196
"Pver_gene_g10482",157,88,92,74,30,9,19,12
"Pver_gene_g10483",599,702,619,543,432,136,112,321
"Pver_gene_g10496",0,0,0,0,34,52,15,78
"Pver_gene_g10492",505,569,534,309,1944,755,1349,1996
"Pver_gene_g10500",836,1381,1181,767,187,76,102,180
"Pver_gene_g10503",0,0,0,0,115,78,73,132
"Pver_gene_g10505",114,89,53,46,312,206,277,443
"Pver_gene_g10511",0,0,0,0,42,14,23,54
"Pver_gene_g10523",0,72,190,66,9250,1381,2808,9003
"Pver_gene_g10525",0,12,0,0,89,20,49,81
"Pver_gene_g10570",35,29,15,20,0,0,0,0
"Pver_gene_g10569",0,0,0,0,106,17,75,178
"Pver_gene_g10579",0,28,8,17,514,154,357,601
"Pver_gene_g10589",11,22,35,24,93,20,56,64
"Pver_gene_g10573",166,189,173,94,322,107,265,288
"Pver_gene_g10585",379,293,350,246,189,53,132,139
"Pver_novel_gene_410_5de57afd",35,77,20,21,225,48,85,233
"Pver_gene_g10591",50,89,115,65,589,93,120,450
"Pver_gene_g10593",0,0,47,21,459,42,180,317
"Pver_gene_g10608",407,792,850,649,486,45,346,330
"Pver_gene_g10609",191,250,282,202,879,272,332,699
"Pver_gene_g10613",0,0,0,0,43,16,44,41
"Pver_gene_g10632",165,182,185,108,27,25,42,65
"Pver_gene_g10633",247,165,221,144,34,3,31,49
"Pver_gene_g10636",218,260,294,272,11,0,21,32
"Pver_gene_g10637",0,0,0,0,29,25,58,55
"Pver_gene_g10618",86,225,284,303,537,283,483,642
"Pver_gene_g10646",0,0,0,0,88,29,29,122
"Pver_gene_g10640",655,554,372,254,186,65,224,196
"Pver_gene_g10535",156,178,135,111,917,163,469,727
"Pver_gene_g10547",110,113,170,104,1409,350,613,1597
"Pver_gene_g10550",230,209,436,204,94,31,43,64
"Pver_gene_g10553",0,0,0,0,146,140,130,187
"Pver_gene_g10556",0,0,23,0,140,36,137,156
"Pver_gene_g10688",36,57,61,44,203,91,137,234
"Pver_gene_g10669",32,27,61,32,1336,489,526,1396
"Pver_gene_g10670",12,20,18,40,162,25,70,116
"Pver_gene_g10671",36,78,64,22,791,289,367,626
"Pver_gene_g10705",696,874,832,522,257,62,145,112
"Pver_gene_g10695",60,76,56,77,127,102,134,166
"Pver_gene_g10727",22,31,43,13,103,40,63,156
"Pver_gene_g10730",27,85,108,35,545,152,285,688
"Pver_gene_g10747",306,336,403,250,774,272,453,991
"Pver_gene_g10759",0,0,0,0,262,82,256,330
"Pver_gene_g10760",0,0,0,0,111,17,89,74
"Pver_gene_g10764",0,11,18,0,83,22,56,156
"Pver_gene_g10765",0,0,0,0,149,129,172,134
"Pver_gene_g10770",179,264,256,136,491,145,269,563
"Pver_gene_g10775",91,76,59,51,14,16,27,23
"Pver_gene_g10710",0,0,0,0,5143,1755,2850,5110
"Pver_gene_g10711",259,325,383,216,74,12,13,30
"Pver_gene_g10712",403,220,248,138,52,25,44,124
"Pver_gene_g10715",0,0,0,0,2914,2683,746,3885
"Pver_gene_g10721",22,15,27,0,128,45,77,134
"Pver_gene_g10740",43,28,17,24,0,0,0,0
"Pver_gene_g10732",33,38,50,29,178,45,58,122
"Pver_gene_g10801",0,0,0,0,211,55,83,254
"Pver_gene_g10807",0,11,0,0,81,16,26,69
"Pver_gene_g10802",0,0,0,0,466,114,95,444
"Pver_gene_g10827",73,76,76,66,297,68,90,286
"Pver_gene_g10841",0,11,33,0,239,67,96,172
"Pver_gene_g10842",100,35,70,51,283,100,200,165
"Pver_gene_g10816",0,0,0,0,62,44,51,102
"Pver_gene_g10822",60,69,133,60,31,6,13,53
"Pver_gene_g10866",0,0,0,0,116,91,173,175
"Pver_gene_g10778",0,33,47,8,670,271,339,668
"Pver_gene_g10781",869,962,976,824,106,41,62,109
"Pver_gene_g10786",0,0,0,0,922,237,237,784
"Pver_gene_g10789",64,98,156,93,475,215,350,507
"Pver_gene_g10791",0,6,0,0,154,26,43,135
"Pver_gene_g10792",67,19,41,75,1092,181,271,954
"Pver_gene_g10793",0,0,0,4,27,18,19,40
"Pver_gene_g10928",0,13,0,0,86,49,79,120
"Pver_gene_g10929",88,54,56,68,205,54,142,218
"Pver_gene_g10925",0,0,0,0,30,29,102,100
"Pver_gene_g10927",114,96,103,63,47,20,34,38
"Pver_gene_g10907",0,0,0,0,35,18,20,58
"Pver_gene_g10916",51,30,30,4,198,30,110,108
"Pver_gene_g10873",1176,1694,2020,1195,750,545,503,937
"Pver_gene_g10877",0,0,0,0,149,155,110,179
"Pver_gene_g10888",224,515,496,321,63,14,58,62
"Pver_gene_g10948",0,68,45,15,575,230,333,723
"Pver_gene_g10949",0,0,0,0,32,41,13,22
"Pver_gene_g10945",36,43,40,29,15,7,9,24
"Pver_gene_g10962",76,118,68,40,27,0,12,27
"Pver_gene_g10983",0,0,0,0,513,273,379,854
"Pver_gene_g10985",0,8,0,0,84,21,61,49
"Pver_gene_g10990",46,120,108,128,502,84,164,443
"Pver_gene_g10993",0,0,0,0,50,13,18,55
"Pver_gene_g11003",0,0,0,0,60,47,60,126
"Pver_gene_g11010",0,0,14,0,117,62,149,87
"Pver_gene_g10966",0,0,0,0,18,22,39,22
"Pver_gene_g10971",574,564,774,631,101,9,64,65
"Pver_gene_g10976",0,0,0,0,94,30,21,110
"Pver_gene_g10980",170,188,189,172,33,46,54,35
"Pver_gene_g10981",180,233,226,134,24,4,15,6
"Pver_gene_g11008",192,181,172,151,96,14,51,35
"Pver_gene_g11009",984,1263,1386,845,437,156,308,482
"Pver_gene_g11021",77,74,78,53,357,82,139,283
"Pver_gene_g11024",0,0,0,0,53,15,16,34
"Pver_gene_g11025",0,21,53,28,119,90,497,170
"Pver_gene_g11040",231,287,390,232,161,68,146,145
"Pver_gene_g11044",0,0,0,0,93,54,55,126
"Pver_gene_g11046",156,274,300,197,65,44,48,85
"Pver_gene_g11047",108,240,244,121,562,173,253,603
"Pver_gene_g11062",0,13,0,0,22,60,131,39
"Pver_gene_g11068",0,0,0,0,878,189,426,1287
"Pver_gene_g11069",0,0,10,0,653,148,397,1010
"Pver_gene_g11070",0,0,0,0,472,95,337,833
"Pver_gene_g11077",63,55,46,28,300,328,125,232
"Pver_gene_g11094",0,17,0,15,218,50,119,138
"Pver_gene_g11115",0,0,0,0,41,25,106,31
"Pver_gene_g11120",128,222,231,215,17,0,55,48
"Pver_gene_g11118",85,138,160,65,45,22,24,32
"Pver_gene_g11121",8,0,0,0,69,24,31,55
"Pver_gene_g11132",0,0,0,0,66,62,77,181
"Pver_gene_g11122",0,0,34,10,5860,1462,2210,6137
"Pver_gene_g11124",8,18,13,9,153,60,70,86
"Pver_gene_g11160",167,196,202,158,96,32,85,120
"Pver_gene_g11169",0,0,0,0,23,12,29,70
"Pver_gene_g11163",55,73,154,98,655,202,326,432
"Pver_gene_g11174",0,24,47,38,1235,252,492,942
"Pver_gene_g11176",0,0,0,0,65,23,74,60
"Pver_gene_g11177",2,18,48,5,867,142,398,949
"Pver_gene_g11134",0,0,0,0,20,29,54,27
"Pver_gene_g11135",0,0,0,0,60,31,62,88
"Pver_gene_g11138",168,150,188,168,124,31,94,143
"Pver_gene_g11139",0,0,9,0,1134,721,269,1689
"Pver_gene_g11143",613,740,686,555,236,83,166,313
"Pver_gene_g11144",442,485,535,370,313,126,276,425
"Pver_gene_g11203",0,39,42,0,314,104,211,360
"Pver_gene_g11193",149,144,188,118,100,34,54,64
"Pver_gene_g11194",134,117,217,147,1181,230,274,1221
"Pver_gene_g11195",93,104,171,66,13,8,4,16
"Pver_gene_g11197",0,0,0,0,81,50,72,122
"Pver_gene_g11198",0,26,8,0,212,29,149,239
"Pver_gene_g11217",0,0,10,0,1151,418,421,831
"Pver_gene_g11266",150,152,155,82,73,14,48,10
"Pver_gene_g11277",24,24,68,19,406,70,166,515
"Pver_gene_g11278",0,0,0,0,84,37,79,111
"Pver_gene_g11281",323,450,397,395,105,42,61,142
"Pver_gene_g11294",266,214,195,124,0,0,32,14
"Pver_gene_g11257",0,0,21,0,225,43,98,248
"Pver_gene_g11258",131,204,212,205,145,41,51,127
"Pver_gene_g11260",33,29,33,26,448,375,287,588
"Pver_gene_g11221",67,54,72,69,1011,408,446,892
"Pver_gene_g11222",0,0,0,0,98,138,223,161
"Pver_gene_g11223",0,0,0,0,16,21,34,13
"Pver_gene_g11232",152,162,246,128,35,16,42,63
"Pver_gene_g11236",0,18,24,0,321,57,76,341
"Pver_gene_g11300",42,29,46,0,837,360,530,880
"Pver_gene_g11305",114,103,187,70,0,0,0,0
"Pver_gene_g11303",138,125,106,89,516,286,277,347
"Pver_gene_g11304",293,298,275,242,18,14,26,53
"Pver_gene_g11324",172,147,133,69,64,14,32,86
"Pver_gene_g11322",157,207,447,246,69,18,60,106
"Pver_gene_g11309",0,0,9,0,133,19,52,210
"Pver_gene_g11338",0,7,22,0,206,114,215,262
"Pver_gene_g11333",0,0,0,0,55,12,48,43
"Pver_gene_g11360",51,72,118,65,786,504,592,942
"Pver_gene_g11402",1078,963,1093,786,132,0,50,78
"Pver_gene_g11404",0,13,0,4,213,51,119,185
"Pver_gene_g11375",89,124,136,143,68,13,30,15
"Pver_gene_g11386",0,0,0,0,33,16,16,36
"Pver_gene_g11396",113,83,89,104,52,12,63,47
"Pver_gene_g11447",0,29,12,0,101,115,146,87
"Pver_gene_g11448",18,42,39,13,162,145,189,103
"Pver_gene_g11450",0,0,0,0,46,43,34,123
"Pver_gene_g11458",0,0,0,0,79,42,79,70
"Pver_gene_g11421",20,10,30,23,35,151,98,207
"Pver_gene_g11423",0,0,0,0,33,105,41,58
"Pver_gene_g11463",58,102,73,46,3215,1008,2019,3029
"Pver_gene_g11464",67,98,50,71,237,62,106,193
"Pver_gene_g11474",0,0,0,0,78,65,75,30
"Pver_gene_g11487",0,0,0,0,38,23,39,74
"Pver_gene_g11498",0,0,0,0,20,11,11,35
"Pver_novel_gene_440_5de57afd",0,0,0,0,38,17,20,38
"Pver_gene_g11553",0,0,10,5,120,26,63,114
"Pver_gene_g11545_gene_g11543",122,136,193,89,85,25,40,94
"Pver_gene_g11549",134,178,306,230,99,28,58,50
"Pver_gene_g11550",251,224,362,214,43,17,123,46
"Pver_gene_g11589",18,6,14,21,69,19,41,114
"Pver_gene_g11595",93,149,162,125,42,0,25,22
"Pver_gene_g11508",33,58,80,42,747,306,642,706
"Pver_gene_g11509",0,0,8,0,188,38,88,257
"Pver_gene_g11513",0,0,0,0,296,58,191,354
"Pver_gene_g11519",0,0,0,0,95,20,23,94
"Pver_gene_g11520",166,289,377,252,1031,343,317,896
"Pver_gene_g11524",18,22,44,0,398,81,58,142
"Pver_gene_g11526",74,20,7,16,413,75,128,376
"Pver_gene_g11531",0,28,197,17,10737,2674,4632,11700
"Pver_gene_g11602",0,40,38,44,272,108,194,171
"Pver_gene_g11604",264,361,372,326,1526,281,427,1407
"Pver_gene_g11608",7,13,11,0,60,20,58,118
"Pver_gene_g11680",84,146,38,49,378,191,169,233
"Pver_gene_g11701",103,116,105,61,444,149,202,392
"Pver_gene_g11702",601,611,811,593,309,97,167,279
"Pver_gene_g11710",66,140,131,108,204,130,210,285
"Pver_gene_g11652",0,0,0,0,153,13,44,146
"Pver_gene_g11656",15,22,17,18,107,42,73,183
"Pver_gene_g11659",35,33,67,29,266,45,128,326
"Pver_gene_g11660",90,84,122,59,247,70,108,202
"Pver_gene_g11662",102,107,173,102,28,0,15,0
"Pver_gene_g11669",0,28,24,26,272,99,89,260
"Pver_gene_g11672",244,340,455,258,117,37,101,130
"Pver_gene_g11623",238,296,331,170,107,47,67,155
"Pver_gene_g11624",0,12,140,13,11610,3166,3758,12861
"Pver_gene_g11626",0,12,4,0,26,21,53,30
"Pver_gene_g11627",88,55,73,29,122,63,109,192
"Pver_gene_g11631",901,858,982,609,2976,1111,2083,4868
"Pver_gene_g11632",1086,1104,1496,950,233,66,164,337
"Pver_gene_g11633",162,262,285,113,34,0,28,45
"Pver_gene_g11636",0,0,0,0,777,451,549,1603
"Pver_gene_g11727",46,68,77,0,4564,1278,2399,4484
"Pver_gene_g11749",45,11,17,29,0,0,0,0
"Pver_gene_g11751",0,0,0,0,145,31,64,37
"Pver_gene_g11752",206,173,271,183,640,168,443,795
"Pver_gene_g11754",0,0,0,0,80,32,92,107
"Pver_gene_g11757",204,194,251,169,137,52,94,124
"Pver_gene_g11758",0,0,0,0,110,60,77,214
"Pver_gene_g11767",0,16,11,18,216,46,35,138
"Pver_gene_g11771",0,15,0,0,569,280,294,589
"Pver_gene_g11772",102,106,193,142,116,22,60,98
"Pver_gene_g11774",0,12,46,0,1923,425,1755,1764
"Pver_gene_g11794",101,95,139,51,2135,549,686,1102
"Pver_gene_g11803",0,0,0,0,98,21,72,115
"Pver_gene_g11806",89,101,79,62,165,92,176,208
"Pver_gene_g11849",0,0,0,0,212,82,145,144
"Pver_gene_g11859",0,4,4,0,68,50,107,96
"Pver_gene_g11857",0,14,0,10,46,29,110,120
"Pver_gene_g11851",102,26,131,68,30,0,5,11
"Pver_novel_gene_454_5de57afd",14,71,78,88,642,313,344,877
"Pver_gene_g11891",67,84,103,28,31,7,14,16
"Pver_gene_g11893",186,204,162,149,64,22,86,43
"Pver_gene_g11824",0,0,0,0,156,139,218,75
"Pver_gene_g11829",49,79,93,71,298,118,251,188
"Pver_gene_g11831",265,296,396,414,90,0,48,142
"Pver_gene_g11895",0,0,0,0,33,43,38,63
"Pver_gene_g11896",0,0,0,0,14,18,16,37
"Pver_gene_g11899",3880,2644,3124,2441,34,0,15,0
"Pver_gene_g11913",0,0,0,0,37,62,64,59
"Pver_gene_g11914",31,42,60,27,223,61,71,180
"Pver_gene_g11915",4110,4968,5415,3501,2852,845,1792,2926
"Pver_gene_g11917",0,0,0,0,46,13,19,24
"Pver_gene_g11922",68,75,176,104,78,10,27,19
"Pver_gene_g11939",103,94,111,84,243,89,135,216
"Pver_gene_g11940",0,0,26,13,282,53,147,344
"Pver_gene_g11941",317,406,488,438,242,44,68,255
"Pver_gene_g11950",601,741,933,605,450,108,390,281
"Pver_gene_g11962",48,19,36,27,173,36,74,147
"Pver_gene_g11968",0,0,0,0,142,13,56,166
"Pver_gene_g11963",49,87,63,66,663,82,336,444
"Pver_gene_g11981",0,0,0,0,28,81,109,96
"Pver_gene_g12009",0,0,0,0,362,442,260,454
"Pver_gene_g12010",0,32,50,42,410,99,245,472
"Pver_gene_g12011",116,127,170,133,101,29,75,131
"Pver_gene_g12012",178,240,235,103,1092,275,618,969
"Pver_gene_g12015",61,24,24,15,247,77,87,219
"Pver_gene_g12021",0,13,18,0,82,18,75,115
"Pver_gene_g12027",0,0,0,0,190,32,135,320
"Pver_gene_g12028",121,248,359,222,178,34,78,146
"Pver_gene_g12000",73,88,67,30,0,0,0,0
"Pver_gene_g11991",0,0,0,0,31,34,16,24
"Pver_gene_g11992",324,491,585,329,83,26,69,107
"Pver_gene_g11999",51,65,88,74,247,71,132,286
"Pver_gene_g12001",0,11,20,35,284,215,715,431
"Pver_gene_g12003",224,324,260,226,66,26,33,143
"Pver_gene_g12029",86,127,187,72,636,299,418,808
"Pver_gene_g12079",0,0,0,0,38,30,28,53
"Pver_gene_g12075",0,0,0,0,52,21,29,43
"Pver_gene_g12083",210,318,254,239,652,190,313,597
"Pver_gene_g12085",0,0,0,0,93,52,82,55
"Pver_gene_g12101",0,0,0,0,94,105,91,68
"Pver_gene_g12065",2325,2631,3382,2350,0,0,0,14
"Pver_gene_g12044",0,0,0,0,89,115,170,223
"Pver_gene_g12046",119,143,181,114,443,143,211,378
"Pver_gene_g12053",63,82,65,10,230,79,94,201
"Pver_gene_g12054",0,5,0,0,90,14,88,36
"Pver_gene_g12126",97,308,251,157,64,49,44,55
"Pver_gene_g12090",43,69,92,56,125,59,143,124
"Pver_gene_g12091",0,0,0,0,27,31,51,58
"Pver_gene_g12093",275,401,593,452,40,0,26,43
"Pver_gene_g12095",0,7,0,33,620,109,258,968
"Pver_gene_g12109",0,0,0,0,88,23,110,125
"Pver_gene_g12110",198,268,355,308,116,11,57,123
"Pver_gene_g12111",87,120,140,80,500,468,557,626
"Pver_gene_g12143",156,114,131,77,316,110,134,262
"Pver_gene_g12128",109,192,138,173,98,16,61,125
"Pver_gene_g12137",0,0,0,0,99,32,37,65
"Pver_gene_g12138",26,0,75,0,5645,1367,1980,5477
"Pver_gene_g12151",20,17,13,11,70,35,51,66
"Pver_gene_g12148",603,1038,1007,620,4833,1342,1990,5064
"Pver_gene_g12153",1506,1859,1570,1117,539,223,387,514
"Pver_gene_g12154",0,21,24,7,176,92,139,290
"Pver_gene_g12155",0,15,10,4,185,39,43,117
"Pver_gene_g12180",0,0,0,0,54,13,24,66
"Pver_gene_g12183",0,0,0,0,6892,2671,7242,10609
"Pver_gene_g12184",0,0,24,0,3941,1573,2706,4945
"Pver_gene_g12157",10,32,0,9,293,120,66,245
"Pver_gene_g12171",47,75,83,63,20,0,11,38
"Pver_gene_g12216",67,85,124,92,390,98,102,310
"Pver_gene_g12223",32,21,26,9,416,135,130,309
"Pver_gene_g12231",0,0,0,0,76,25,75,116
"Pver_gene_g12230",0,3,0,0,79,28,43,80
"Pver_novel_gene_474_5de57afd",5,10,7,6,219,141,76,160
"Pver_novel_gene_471_5de57afd",4,5,0,0,580,227,446,766
"Pver_gene_g12202",1252,1702,1732,1163,4863,1338,2165,4123
"Pver_gene_g12204",0,17,55,0,8037,1957,2817,6663
"Pver_gene_g12205",39,62,38,45,166,46,49,156
"Pver_gene_g12246",0,8,7,0,81,11,27,72
"Pver_gene_g12247",99,94,115,91,39,16,46,22
"Pver_gene_g12248",173,258,334,323,217,63,138,186
"Pver_gene_g12249",125,140,108,68,0,0,0,0
"Pver_gene_g12253",80,107,137,75,39,23,35,41
"Pver_gene_g12256",928,1471,1536,944,412,235,401,605
"Pver_gene_g12266",283,258,172,139,30,8,39,26
"Pver_gene_g12269",302,404,373,298,72,47,147,86
"Pver_gene_g12279",48,63,155,52,237,174,190,309
"Pver_gene_g12282",57,111,119,106,188,82,196,391
"Pver_gene_g12284",159,375,388,294,2457,822,1229,2982
"Pver_gene_g12322",148,129,155,68,27,0,0,0
"Pver_gene_g12324",208,159,262,128,98,23,66,132
"Pver_gene_g12335",19,38,51,32,0,0,0,0
"Pver_gene_g12342",9,0,0,0,268,22,66,174
"Pver_gene_g12341",171,184,138,101,0,4,0,21
"Pver_gene_g12306",78,78,89,39,0,0,0,0
"Pver_gene_g12303",276,182,312,181,25,10,51,54
"Pver_gene_g12304",228,364,454,277,280,106,138,229
"Pver_gene_g12305",207,116,230,104,36,0,20,30
"Pver_gene_g12307",1123,1286,1934,1416,752,113,263,708
"Pver_gene_g12308",132,91,40,21,298,140,189,374
"Pver_gene_g12309",87,87,131,43,10,0,0,0
"Pver_gene_g12312",0,0,0,0,135,92,97,263
"Pver_gene_g12356",205,173,202,163,62,0,51,65
"Pver_gene_g12364",238,253,183,204,187,29,64,192
"Pver_gene_g12365",0,0,0,0,35,23,46,14
"Pver_gene_g12372",0,0,0,0,134,123,52,262
"Pver_gene_g12380",0,37,25,16,441,155,350,428
"Pver_gene_g12395",199,246,203,147,11,0,15,0
"Pver_gene_g12397",257,274,326,236,219,59,137,126
"Pver_gene_g12393",49,39,47,42,65,45,97,196
"Pver_gene_g12398",1334,1919,1649,1175,248,65,127,291
"Pver_gene_g12408",0,0,0,0,382,141,157,425
"Pver_gene_g12419",11,11,10,9,107,13,75,56
"Pver_gene_g12421",0,0,0,0,50,13,41,44
"Pver_gene_g12425",0,0,0,0,81,35,39,81
"Pver_gene_g12409",194,259,431,285,1128,404,788,1347
"Pver_gene_g12415",273,285,345,163,245,60,118,241
"Pver_gene_g12449",60,60,50,34,177,51,173,200
"Pver_gene_g12450",0,9,0,0,71,30,64,35
"Pver_gene_g12459",0,6,0,0,58,53,74,45
"Pver_gene_g12471",769,1050,947,651,469,85,262,602
"Pver_gene_g12476",59,49,32,41,8,5,0,12
"Pver_gene_g12467",40,24,56,24,0,0,0,0
"Pver_gene_g12526",0,0,0,0,20,20,12,14
"Pver_gene_g12518",547,638,841,554,420,168,169,472
"Pver_gene_g12519",97,50,60,24,315,63,241,174
"Pver_gene_g12542",0,0,0,0,12,21,14,47
"Pver_novel_gene_488_5de57afd",0,0,4,7,102,29,33,49
"Pver_gene_g12483",1171,1304,1574,1311,9147,1522,4402,11510
"Pver_gene_g12484",962,721,577,598,3367,960,1749,4725
"Pver_gene_g12490",0,19,26,33,294,63,120,312
"Pver_gene_g12529",0,0,0,0,223,83,67,135
"Pver_gene_g12530",0,0,0,0,161,131,184,176
"Pver_gene_g12533",28,29,44,21,62,25,78,150
"Pver_gene_g12535",9,14,33,0,2075,535,827,2277
"Pver_gene_g12586",24,37,48,19,116,158,374,144
"Pver_gene_g12596",52,90,32,16,110,69,161,187
"Pver_gene_g12570",0,0,0,0,106,34,97,137
"Pver_gene_g12572",12,48,46,24,123,54,221,100
"Pver_gene_g12593",11,47,46,26,0,0,0,0
"Pver_gene_g12599",333,376,426,256,741,273,538,1203
"Pver_gene_g12605",291,365,343,319,40,69,48,75
"Pver_gene_g12601",505,712,759,602,316,35,88,202
"Pver_gene_g12602",106,127,115,82,193,105,133,298
"Pver_gene_g12554",0,0,9,0,996,415,465,1197
"Pver_gene_g12562",156,156,145,88,42,25,43,28
"Pver_gene_g12565",31,10,13,0,121,36,74,205
"Pver_gene_g12566",3853,3752,3755,2242,2373,617,1014,2132
"Pver_gene_g12614",0,0,0,0,48,52,71,49
"Pver_gene_g12615",0,0,0,0,22,63,104,61
"Pver_gene_g12621",0,13,53,0,339,62,145,372
"Pver_gene_g12613",0,0,0,0,79,187,272,166
"Pver_gene_g12642",96,110,196,80,408,114,307,394
"Pver_gene_g12655",102,98,90,75,646,460,333,720
"Pver_gene_g12656",567,922,734,368,3071,1573,2573,4629
"Pver_gene_g12659",0,0,0,0,31,24,46,52
"Pver_gene_g12661",0,0,0,0,180,93,79,97
"Pver_gene_g12662",0,0,0,0,333,90,74,257
"Pver_gene_g12624",0,0,0,0,191,42,62,96
"Pver_gene_g12630",185,206,242,193,633,134,234,542
"Pver_gene_g12632",0,0,17,0,103,48,93,110
"Pver_gene_g12674",50,51,43,56,231,90,269,304
"Pver_gene_g12692",259,217,416,206,45,0,81,30
"Pver_gene_g12694",358,264,332,140,2190,520,830,1995
"Pver_gene_g12697",368,530,662,541,144,27,270,78
"Pver_gene_g12698",304,375,575,400,159,18,61,181
"Pver_gene_g12745",0,0,0,0,184,143,39,827
"Pver_gene_g12753",118,130,242,115,65,12,28,40
"Pver_gene_g12755",353,444,558,299,90,34,67,137
"Pver_gene_g12754",1397,1108,1441,1199,483,68,87,569
"Pver_gene_g12770",407,635,831,622,251,50,236,170
"Pver_gene_g12727",0,0,0,0,116,50,74,165
"Pver_gene_g12729",395,328,396,326,53,7,127,137
"Pver_gene_g12730",0,0,0,0,61,25,31,53
"Pver_gene_g12732",37,36,37,44,1257,406,632,1139
"Pver_gene_g12734",19,15,16,0,135,41,74,187
"Pver_gene_g12735",0,0,0,0,278,125,84,178
"Pver_gene_g12736",0,0,0,0,54,28,53,76
"Pver_gene_g12774",243,300,353,296,0,0,15,0
"Pver_gene_g12773",34,67,42,28,155,107,90,76
"Pver_gene_g12772",219,259,311,245,151,57,126,134
"Pver_gene_g12790",206,193,226,226,57,23,28,68
"Pver_gene_g12775",0,6,0,0,36,34,46,64
"Pver_gene_g12785",0,0,0,0,517,141,141,409
"Pver_gene_g12786",0,0,0,0,135,36,66,196
"Pver_gene_g12787",195,188,363,145,20917,5934,6149,22826
"Pver_gene_g12819",83,76,101,62,235,42,122,267
"Pver_gene_g12832",0,0,0,0,96,55,68,67
"Pver_gene_g12810",212,306,277,184,0,10,21,46
"Pver_gene_g12794",0,0,0,0,28,17,23,49
"Pver_gene_g12795",629,613,938,439,362,89,145,344
"Pver_gene_g12802",0,0,0,0,206,29,552,349
"Pver_gene_g12803",16,0,47,16,6983,1395,2520,7705
"Pver_gene_g12805",97,127,318,115,65,24,43,56
"Pver_gene_g12809",0,0,0,0,35,24,52,67
"Pver_gene_g12812",28,14,0,5,116,87,135,74
"Pver_gene_g12838",1612,1934,1672,1173,202,114,114,316
"Pver_gene_g12840",0,7,4,10,78,36,45,98
"Pver_gene_g12880",36,47,74,22,410,94,176,452
"Pver_gene_g12884",0,18,14,8,199,20,69,194
"Pver_gene_g12845",0,9,20,0,50,60,197,30
"Pver_gene_g12846",112,145,186,85,38,0,26,25
"Pver_gene_g12852",0,0,0,0,17,18,20,14
"Pver_gene_g12853",0,7,0,0,78,25,57,81
"Pver_gene_g12854",0,0,19,0,3448,699,987,3011
"Pver_gene_g12859",142,276,232,167,86,49,75,55
"Pver_gene_g12860",200,157,167,101,51,27,52,35
"Pver_gene_g12864",0,0,0,0,28,24,37,75
"Pver_gene_g12869",32,8,0,7,205,33,49,182
"Pver_gene_g12871",203,393,197,150,15,10,12,23
"Pver_gene_g12890",0,0,0,0,284,144,248,512
"Pver_gene_g12892",0,0,0,0,28,13,34,48
"Pver_gene_g12893",0,0,0,0,84,17,26,43
"Pver_gene_g12899",2492,2029,2402,1936,448,125,223,408
"Pver_gene_g12901",0,21,34,25,466,116,239,625
"Pver_gene_g12902",13,15,7,14,264,85,171,306
"Pver_gene_g12904",0,0,0,0,83,53,71,82
"Pver_gene_g12940",39,126,156,124,0,6,17,0
"Pver_gene_g12948",256,358,374,300,7,8,24,0
"Pver_gene_g12955",773,733,825,472,163,65,175,126
"Pver_gene_g12911",224,261,237,135,93,23,28,45
"Pver_gene_g12918",248,325,332,302,234,52,127,291
"Pver_gene_g12920",70,132,162,116,12,7,18,30
"Pver_gene_g12957",98,106,140,98,393,127,279,420
"Pver_gene_g12958",124,163,130,88,589,145,242,502
"Pver_gene_g12980",42,37,34,35,0,0,0,0
"Pver_gene_g12977",54,44,132,36,20,7,0,5
"Pver_gene_g12981",11,5,7,3,80,19,32,59
"Pver_gene_g12985",66,74,71,60,24,0,19,15
"Pver_gene_g12978",263,281,236,209,83,50,43,51
"Pver_gene_g12988",164,111,171,111,80,23,54,60
"Pver_gene_g12969",231,109,189,117,45,41,52,63
"Pver_gene_g12970",752,661,577,317,307,115,240,273
"Pver_gene_g12972",0,13,0,0,86,41,58,117
"Pver_novel_gene_503_5de57afd",51,60,80,67,323,119,153,200
"Pver_gene_g13011",16,13,31,14,161,48,82,116
"Pver_gene_g13015",318,327,223,138,52,28,52,117
"Pver_gene_g13016",0,0,0,0,134,68,156,134
"Pver_gene_g13019",124,105,153,105,1645,529,966,1962
"Pver_gene_g12989",0,0,0,0,152,114,87,106
"Pver_gene_g12991",0,0,0,0,86,34,34,50
"Pver_gene_g12992",85,76,104,57,351,139,194,227
"Pver_gene_g12994",9,38,33,30,1002,185,273,722
"Pver_gene_g12996",0,0,0,0,4371,193,1877,3910
"Pver_gene_g13001",0,0,0,0,32,27,20,36
"Pver_gene_g13020",874,968,979,930,739,128,209,638
"Pver_gene_g13031",38,32,43,37,92,45,53,140
"Pver_gene_g13032",416,663,761,601,371,146,196,398
"Pver_gene_g13037",186,245,419,245,134,22,45,141
"Pver_gene_g13038",0,0,0,0,186,27,60,170
"Pver_gene_g13040",0,0,0,0,167,61,98,236
"Pver_gene_g13044",415,419,496,254,374,96,200,336
"Pver_gene_g13048",134,46,53,38,12,3,3,28
"Pver_gene_g13050",0,0,0,0,83,25,45,97
"Pver_gene_g13055",190,108,213,119,44,19,42,109
"Pver_gene_g13065",35,53,51,32,0,0,0,0
"Pver_gene_g13063",16,40,53,28,158,68,92,77
"Pver_gene_g13067",423,465,770,384,484,132,195,419
"Pver_gene_g13095",154,344,370,187,1303,583,477,1078
"Pver_gene_g13099",18,43,37,22,156,31,46,87
"Pver_gene_g13100",0,0,0,0,30,17,33,30
"Pver_gene_g13073",341,419,408,353,83,9,72,122
"Pver_gene_g13078",87,85,50,58,561,120,161,199
"Pver_gene_g13079",0,0,0,0,784,290,226,576
"Pver_gene_g13081",0,0,0,0,259,37,27,103
"Pver_gene_g13087",0,0,0,0,411,150,89,353
"Pver_gene_g13093",0,36,70,48,125,317,396,256
"Pver_gene_g13128",0,0,0,0,102,24,50,62
"Pver_gene_g13131",0,5,13,0,168,57,104,169
"Pver_gene_g13146",0,0,0,0,39,40,71,198
"Pver_gene_g13137",43,29,18,12,0,0,0,0
"Pver_gene_g13133",0,0,0,0,31,92,94,40
"Pver_gene_g13138",42,53,54,42,114,58,93,169
"Pver_gene_g13147",0,0,8,0,229,97,101,212
"Pver_gene_g13148",328,192,391,145,5669,1711,2200,6484
"Pver_gene_g13150",188,205,274,165,18,0,42,53
"Pver_gene_g13151",104,134,146,91,526,213,335,503
"Pver_gene_g13154",333,307,371,211,53,33,82,83
"Pver_gene_g13181",0,24,73,41,1738,413,662,1796
"Pver_novel_gene_509_5de57afd",35,38,64,16,209,94,97,96
"Pver_gene_g13197",81,67,98,10,256,66,185,365
"Pver_gene_g13164",324,356,439,258,217,69,232,332
"Pver_gene_g13168",1179,970,1468,872,561,165,373,711
"Pver_gene_g13169",13,4,8,0,72,16,79,110
"Pver_gene_g13171",0,0,0,0,124,21,69,141
"Pver_gene_g13174",244,345,427,254,875,232,468,539
"Pver_gene_g13191",34,51,59,51,0,0,0,0
"Pver_gene_g13189",83,67,108,58,22,0,0,0
"Pver_gene_g13194",0,0,0,0,205,84,141,252
"Pver_gene_g13202",103,153,178,125,37,6,18,44
"Pver_gene_g13198",0,0,0,0,104,70,91,41
"Pver_gene_g13200",0,0,18,0,424,285,48,432
"Pver_gene_g13226",0,12,0,0,155,116,120,222
"Pver_gene_g13245",32,33,106,27,220,45,150,179
"Pver_gene_g13247",0,5,29,7,3801,689,1302,3339
"Pver_gene_g13206",0,0,11,0,65,27,54,116
"Pver_gene_g13207",0,0,0,0,15,13,42,52
"Pver_gene_g13212",0,0,0,0,21,11,18,40
"Pver_novel_gene_512_5de57afd",0,0,0,0,83,48,64,56
"Pver_gene_g13213",0,0,0,0,50,42,81,43
"Pver_gene_g13249",0,16,66,32,4488,943,1210,4673
"Pver_gene_g13275",0,15,0,0,274,87,430,354
"Pver_gene_g13279",0,12,0,0,223,67,88,75
"Pver_gene_g13276",0,15,20,0,455,244,417,421
"Pver_gene_g13277",0,0,0,0,35,15,23,94
"Pver_gene_g13289",145,99,102,100,0,0,0,0
"Pver_gene_g13324",0,0,0,0,69,34,76,120
"Pver_gene_g13298",254,197,199,150,47,40,104,101
"Pver_gene_g13302",1274,1028,1071,797,741,317,380,828
"Pver_gene_g13338",22,71,49,20,224,67,68,255
"Pver_gene_g13326",0,0,0,0,76,20,22,34
"Pver_gene_g13329",72,89,75,76,787,238,346,592
"Pver_gene_g13330",0,12,6,0,45,25,77,80
"Pver_gene_g13348",148,233,279,165,103,10,101,69
"Pver_gene_g13350",270,431,477,349,79,46,72,83
"Pver_gene_g13376",0,0,0,0,132,30,57,91
"Pver_gene_g13377",0,0,12,0,735,237,213,1026
"Pver_gene_g13394",0,0,0,0,50,20,44,33
"Pver_gene_g13390",35,32,31,51,188,52,80,110
"Pver_gene_g13378",819,895,1089,907,4699,996,1348,4654
"Pver_gene_g13404",43,127,119,68,446,170,229,408
"Pver_gene_g13407",57,54,53,33,337,169,176,255
"Pver_gene_g13408",624,666,624,418,356,140,238,346
"Pver_gene_g13421",33,47,29,23,201,42,117,172
"Pver_gene_g13438",33,29,44,12,119,37,68,87
"Pver_gene_g13439",317,283,326,190,66,18,50,43
"Pver_gene_g13446",103,127,153,135,87,12,56,58
"Pver_gene_g13473",0,12,12,0,34,52,115,78
"Pver_gene_g13475",42,98,76,34,456,80,309,462
"Pver_gene_g13484",0,0,138,18,16783,4153,6504,16305
"Pver_gene_g13488",759,1166,1333,926,613,94,324,733
"Pver_gene_g13492",0,16,0,0,422,101,551,399
"Pver_gene_g13516",0,0,0,0,128,45,72,90
"Pver_gene_g13545",1,0,9,2,361,188,213,313
"Pver_gene_g13548",113,103,186,145,7739,2120,3260,7541
"Pver_gene_g13496",45,106,99,58,386,110,149,215
"Pver_gene_g13500",83,112,82,96,48,25,29,50
"Pver_gene_g13510",133,125,157,43,39,15,32,67
"Pver_gene_g13513",88,84,125,83,74,13,49,37
"Pver_gene_g13568",0,0,0,0,154,96,96,172
"Pver_gene_g13570",190,196,222,140,97,36,32,98
"Pver_gene_g13565",39,38,55,31,0,0,0,0
"Pver_gene_g13575",0,0,7,0,2220,740,1142,3880
"Pver_gene_g13605",0,0,0,4,90,25,46,95
"Pver_gene_g13604",415,446,534,441,928,271,954,1013
"Pver_gene_g13583",0,0,0,0,132,37,45,119
"Pver_gene_g13584",286,255,348,274,177,41,62,203
"Pver_gene_g13594",176,144,170,150,37,12,29,44
"Pver_gene_g13615",0,0,0,0,271,121,266,277
"Pver_gene_g13616",0,0,0,0,688,460,438,792
"Pver_gene_g13629",50,37,55,24,398,116,184,452
"Pver_gene_g13630",66,32,29,36,171,37,92,124
"Pver_gene_g13658",0,10,0,0,79,21,76,120
"Pver_gene_g13659",13,53,28,0,438,170,206,434
"Pver_gene_g13707",0,15,9,0,126,108,68,71
"Pver_gene_g13721",0,0,0,0,74,46,31,194
"Pver_gene_g13690",0,0,25,14,263,131,171,199
"Pver_gene_g13692",236,268,295,264,77,10,38,67
"Pver_gene_g13693",10,27,0,7,294,56,111,310
"Pver_gene_g13699",0,10,26,9,134,44,165,69
"Pver_gene_g13732",322,365,287,231,3510,882,1686,3277
"Pver_gene_g13752",0,0,0,0,101,15,85,145
"Pver_gene_g13742",101,134,128,73,68,18,49,22
"Pver_gene_g13763",0,0,0,0,92,22,24,98
"Pver_gene_g13788",0,0,0,0,112,15,37,32
"Pver_gene_g13789",0,0,0,0,88,86,84,61
"Pver_gene_g13754",132,193,176,135,59,19,22,32
"Pver_gene_g13757",30,136,156,55,38,9,28,25
"Pver_gene_g13758",262,194,178,71,61,11,40,62
"Pver_gene_g13761",0,7,9,7,1191,170,342,1276
"Pver_gene_g13770",0,0,13,0,156,139,76,194
"Pver_gene_g13772",170,128,196,114,62,45,79,107
"Pver_gene_g13796",0,4,0,0,446,61,204,416
"Pver_gene_g13813",60,47,23,23,0,0,7,0
"Pver_gene_g13819",0,0,0,0,64,27,69,58
"Pver_gene_g13821",255,211,210,141,81,35,121,82
"Pver_gene_g13823",89,120,124,118,348,182,215,447
"Pver_gene_g13825",0,0,0,0,268,148,69,233
"Pver_gene_g13803",136,263,259,173,169,39,52,109
"Pver_gene_g13804",130,101,129,95,12,0,4,0
"Pver_gene_g13805",0,0,0,0,41,16,83,39
"Pver_gene_g13826",0,0,0,0,276,166,140,247
"Pver_gene_g13842",4,0,8,0,122,36,112,204
"Pver_gene_g13843",0,0,13,0,173,63,88,332
"Pver_gene_g13858",73,134,107,100,36,0,38,20
"Pver_gene_g13870",0,17,4,0,81,26,76,36
"Pver_gene_g13867",212,193,214,151,183,53,63,130
"Pver_gene_g13868",0,0,0,0,87,16,71,43
"Pver_gene_g13869",953,809,1025,985,90,4,98,95
"Pver_gene_g13880",52,62,75,47,131,44,120,231
"Pver_gene_g13889",294,336,449,255,188,59,75,353
"Pver_gene_g13847",56,17,43,0,2475,534,926,2369
"Pver_gene_g13849",459,546,358,339,1145,999,813,986
"Pver_gene_g13852",0,0,0,0,461,145,176,773
"Pver_gene_g13853",0,0,0,0,163,58,119,96
"Pver_gene_g13854",456,559,543,317,324,107,151,343
"Pver_gene_g13856",0,77,160,66,6950,1952,2803,7209
"Pver_gene_g13901",0,0,0,0,44,22,42,28
"Pver_gene_g13890",0,19,20,0,694,120,227,538
"Pver_gene_g13895",143,165,144,131,64,42,73,84
"Pver_gene_g13914",84,64,53,25,261,163,306,225
"Pver_gene_g13909",0,103,64,22,4901,862,1290,5013
"Pver_gene_g13920",26,19,33,0,122,43,49,202
"Pver_gene_g13924",290,267,297,234,232,82,124,185
"Pver_gene_g13930",175,272,130,128,829,275,376,709
"Pver_gene_g13940",0,0,0,0,5257,746,1969,6670
"Pver_gene_g13942",93,95,110,63,640,130,248,379
"Pver_gene_g13943",54,91,159,89,699,350,586,1018
"Pver_gene_g13948",0,0,0,0,106,55,52,94
"Pver_gene_g13953",215,224,398,248,5841,901,1221,4922
"Pver_gene_g13954",184,195,280,326,1285,332,445,1529
"Pver_gene_g13958",0,5,22,0,252,80,103,254
"Pver_gene_g13962",339,346,498,231,66,25,19,56
"Pver_gene_g13963",157,182,192,160,78,13,47,47
"Pver_gene_g13964",32,32,65,49,143,53,73,172
"Pver_gene_g13988",60,57,77,46,16,10,16,27
"Pver_gene_g13990",0,0,0,0,52,11,35,42
"Pver_gene_g13987",153,274,335,140,567,186,265,448
"Pver_gene_g14014",0,0,0,0,174,41,132,164
"Pver_gene_g13982",143,88,89,86,0,0,7,0
"Pver_gene_g13974",149,242,330,299,758,244,318,887
"Pver_gene_g14023",129,128,171,111,356,117,193,261
"Pver_gene_g14022",0,4,0,0,47,38,60,66
"Pver_gene_g14024",33,26,36,15,376,87,186,364
"Pver_novel_gene_544_5de57afd",0,0,0,0,87,21,36,56
"Pver_gene_g14041",0,0,0,0,65,30,58,79
"Pver_gene_g14002",0,0,44,0,4981,1073,2029,5211
"Pver_gene_g14003",0,27,42,17,287,85,145,319
"Pver_gene_g14004",96,93,93,129,682,219,457,832
"Pver_gene_g14009",0,0,0,4,66,16,26,80
"Pver_gene_g14010",451,548,458,291,286,52,184,248
"Pver_gene_g14012",333,363,555,315,2453,459,732,2681
"Pver_gene_g14013",386,613,766,510,179,64,212,170
"Pver_gene_g14065",0,0,0,0,69,13,20,76
"Pver_gene_g14066",754,633,809,484,92,13,59,128
"Pver_novel_gene_546_5de57afd",0,0,0,0,53,15,70,109
"Pver_gene_g14068",67,77,82,70,15,0,0,0
"Pver_gene_g14079",468,426,708,498,108,20,45,52
"Pver_gene_g14081",618,934,996,726,141,50,105,206
"Pver_gene_g14077",288,251,171,120,662,257,298,569
"Pver_gene_g14104",45,41,62,31,310,73,103,231
"Pver_gene_g14106",118,147,186,214,1332,299,633,1215
"Pver_gene_g14107",0,0,0,0,33,21,17,17
"Pver_gene_g14122",394,452,497,421,258,94,179,301
"Pver_gene_g14083",0,0,67,0,6287,1249,2242,6319
"Pver_gene_g14137",226,244,329,210,1174,365,535,1209
"Pver_gene_g14141",39,36,20,30,192,32,67,153
"Pver_gene_g14146",4690,5604,6411,3742,1427,133,988,1353
"Pver_gene_g14147",2335,2292,2671,1594,179,18,193,195
"Pver_gene_g14152",141,131,133,124,515,209,509,507
"Pver_gene_g14175",55,73,70,56,12,0,16,28
"Pver_gene_g14154",274,225,358,259,12544,3039,5903,12918
"Pver_gene_g14157",1827,1897,2630,1748,512,160,244,441
"Pver_gene_g14159",0,0,0,0,570,244,344,904
"Pver_gene_g14160",190,273,348,156,87,39,28,89
"Pver_gene_g14163",0,0,0,0,355,179,166,601
"Pver_gene_g14164",0,0,0,0,121,29,62,101
"Pver_gene_g14165",0,0,0,0,84,91,158,163
"Pver_gene_g14166",0,0,0,0,139,82,146,259
"Pver_gene_g14167",0,0,0,0,243,62,81,263
"Pver_gene_g14183",133,227,193,122,57,21,20,73
"Pver_gene_g14187",63,65,92,68,431,151,343,595
"Pver_gene_g14188",161,235,181,145,34,12,84,51
"Pver_gene_g14193",0,15,9,12,107,37,32,98
"Pver_gene_g14226",14,31,17,27,245,63,220,200
"Pver_gene_g14218",0,0,0,0,139,66,32,246
"Pver_gene_g14219",63,83,81,61,213,103,258,251
"Pver_gene_g14232",0,0,0,0,121,19,59,111
"Pver_gene_g14230",103,55,61,69,274,44,143,243
"Pver_gene_g14247",271,154,136,163,126,20,54,127
"Pver_gene_g14255",0,0,0,0,24,34,55,37
"Pver_gene_g14239",6,0,23,21,208,95,143,245
"Pver_gene_g14240",32,0,26,0,674,134,276,656
"Pver_gene_g14241",0,46,107,39,629,241,294,851
"Pver_gene_g14243",200,289,367,238,152,42,168,82
"Pver_gene_g14244",105,220,194,151,50,12,25,71
"Pver_gene_g14259",47,30,42,52,1486,281,486,1152
"Pver_gene_g14270",38,56,54,29,184,97,221,337
"Pver_gene_g14271",170,195,155,140,58,18,35,51
"Pver_gene_g14272",1629,1172,1424,923,284,97,185,215
"Pver_gene_g14273",248,198,235,133,552,101,339,459
"Pver_gene_g14275",80,133,159,98,455,109,151,414
"Pver_gene_g14264",0,0,0,0,52,26,59,81
"Pver_gene_g14289",0,8,0,0,58,22,18,27
"Pver_gene_g14288",26,48,40,17,0,0,0,8
"Pver_gene_g14293",157,84,175,72,0,10,13,3
"Pver_gene_g14298",17,35,62,27,0,0,0,0
"Pver_gene_g14307",1133,1611,1672,1111,411,160,215,468
"Pver_gene_g14355",43,29,0,7,385,76,272,673
"Pver_gene_g14359",33,77,74,35,312,88,165,368
"Pver_gene_g14360",0,0,0,0,536,139,302,516
"Pver_gene_g14322",13,78,37,36,0,0,0,0
"Pver_gene_g14319",0,0,0,0,23,26,29,19
"Pver_gene_g14325",291,372,480,352,305,67,125,234
"Pver_gene_g14362",74,58,42,51,0,0,0,14
"Pver_gene_g14374",0,0,0,0,240,85,84,272
"Pver_gene_g14373",72,70,87,83,448,167,230,448
"Pver_gene_g14375",0,0,0,0,74,141,87,36
"Pver_gene_g14387",14,33,16,14,0,0,0,0
"Pver_gene_g14382",0,0,0,0,135,82,164,194
"Pver_gene_g14390",0,44,43,0,300,241,174,270
"Pver_gene_g14394",428,405,503,308,13,16,68,11
"Pver_gene_g14395",780,831,1052,585,138,24,220,116
"Pver_gene_g14397",119,114,164,88,411,107,230,330
"Pver_gene_g14393",157,134,222,111,655,230,509,594
"Pver_gene_g14419",80,127,104,64,72,30,40,67
"Pver_gene_g14401",0,17,20,4,202,53,77,144
"Pver_gene_g14402",349,321,302,151,111,82,89,159
"Pver_gene_g14403",129,145,153,88,243,335,226,344
"Pver_gene_g14421",32,34,46,34,114,52,129,185
"Pver_gene_g14423",0,0,0,0,105,52,131,184
"Pver_gene_g14452",0,0,0,0,188,157,185,260
"Pver_gene_g14457",0,0,0,0,87,26,85,55
"Pver_gene_g14460",934,944,1281,871,68,47,82,70
"Pver_gene_g14462",102,46,51,28,321,94,147,220
"Pver_gene_g14464",328,311,316,218,1133,304,764,1290
"Pver_gene_g14474",947,895,1144,626,514,79,250,350
"Pver_gene_g14484",0,0,0,0,100,24,65,85
"Pver_gene_g14477",51,80,104,63,21,11,19,35
"Pver_gene_g14528",450,448,937,666,32,20,71,0
"Pver_gene_g14503",9,9,8,0,24,33,45,45
"Pver_gene_g14504",0,0,0,0,43,29,100,216
"Pver_gene_g14557",36,48,86,26,246,50,82,155
"Pver_gene_g14559",16,18,36,17,186,102,359,304
"Pver_gene_g14541",103,54,82,22,0,3,12,0
"Pver_gene_g14545",0,21,8,12,1088,264,423,1028
"Pver_gene_g14546",0,4,0,0,86,69,26,96
"Pver_gene_g14562",122,164,133,154,509,91,225,445
"Pver_gene_g14591",7,17,26,13,43,28,41,93
"Pver_gene_g14590",0,0,0,0,121,36,126,176
"Pver_gene_g14608",75,105,77,66,20,0,10,0
"Pver_gene_g14642",287,337,433,312,314,116,154,265
"Pver_gene_g14643",148,217,286,120,450,154,382,593
"Pver_gene_g14647",0,0,0,0,56,30,41,76
"Pver_gene_g14648_gene_g14650",0,0,0,0,14,12,20,19
"Pver_gene_g14653",0,0,0,0,70,82,109,44
"Pver_gene_g14676",158,144,187,138,39,22,58,68
"Pver_gene_g14682",0,0,0,0,116,40,50,50
"Pver_gene_g14691",53,48,53,35,211,98,186,146
"Pver_gene_g14693",898,959,1441,935,149,24,50,186
"Pver_gene_g14665",230,163,197,123,671,160,295,601
"Pver_gene_g14666",67,80,143,60,960,251,340,941
"Pver_gene_g14668",207,141,202,113,96,45,21,45
"Pver_gene_g14669",256,244,352,203,145,13,102,46
"Pver_gene_g14724",259,215,159,146,33,14,43,29
"Pver_gene_g14723",483,675,872,495,419,197,192,460
"Pver_gene_g14730",284,548,599,562,284,137,93,305
"Pver_gene_g14756",609,556,686,481,270,31,68,179
"Pver_gene_g14760",254,254,321,139,145,71,116,84
"Pver_gene_g14763",712,828,1032,777,0,0,0,0
"Pver_gene_g14770",135,188,155,82,97,17,40,89
"Pver_gene_g14777",243,237,259,182,572,171,235,457
"Pver_gene_g14789",0,0,0,0,88,164,72,79
"Pver_gene_g14792",17,68,74,32,175,45,178,180
"Pver_gene_g14794",500,508,627,387,151,67,77,165
"Pver_gene_g14797",797,1038,1393,732,345,217,211,346
"Pver_gene_g14801",0,0,30,12,462,101,116,382
"Pver_gene_g14810",197,102,111,52,23,0,38,19
"Pver_gene_g14809",324,269,281,222,1117,193,546,1123
"Pver_gene_g14817",0,15,21,0,151,50,68,52
"Pver_gene_g14822",59,123,94,82,29,18,43,39
"Pver_gene_g14835",113,233,246,215,0,0,15,13
"Pver_gene_g14833",0,0,0,0,57,12,29,80
"Pver_gene_g14836",35,93,72,28,238,163,96,232
"Pver_gene_g14837",10,24,15,7,87,54,110,133
"Pver_gene_g14860",0,0,0,0,583,255,246,466
"Pver_gene_g14861",478,502,565,320,87,54,70,179
"Pver_gene_g14874",18,14,0,21,99,67,64,102
"Pver_gene_g14875",136,111,130,53,53,19,50,40
"Pver_gene_g14890",185,250,262,186,1443,288,354,1469
"Pver_gene_g14895",10,38,39,21,93,31,112,58
"Pver_gene_g14896",146,354,347,218,1323,300,601,1711
"Pver_gene_g14907",0,0,0,0,140,83,37,146
"Pver_gene_g14914",38,66,66,46,127,46,108,188
"Pver_gene_g14876",159,198,176,179,1121,179,424,1023
"Pver_gene_g14877",0,5,86,37,13019,2052,3679,13478
"Pver_gene_g14878",116,192,221,137,47,31,65,60
"Pver_gene_g14880",0,0,0,0,934,441,574,1354
"Pver_gene_g14884",198,170,248,109,737,187,276,707
"Pver_gene_g14885",443,507,642,447,367,122,179,572
"Pver_gene_g14932",97,148,113,101,45,16,19,49
"Pver_gene_g14931",0,0,0,0,116,11,43,76
"Pver_gene_g14933",65,156,107,136,1515,309,417,1313
"Pver_gene_g14942",0,17,43,0,218,63,110,225
"Pver_gene_g14934",0,0,0,0,24,13,46,37
"Pver_gene_g14935",60,93,107,112,542,96,265,414
"Pver_gene_g14916",62,28,45,19,246,63,114,192
"Pver_gene_g14917",0,0,103,0,8955,1966,3497,8257
"Pver_gene_g14918",198,185,328,119,59,56,58,74
"Pver_gene_g14925",217,368,307,181,82,19,53,82
"Pver_gene_g14926",0,0,0,8,146,49,63,204
"Pver_gene_g14949",0,0,0,0,75,21,38,87
"Pver_gene_g14950",0,0,0,0,93,57,104,119
"Pver_gene_g14954",46,50,53,33,124,111,152,209
"Pver_gene_g14956",0,0,0,0,94,19,53,54
"Pver_gene_g14957",213,176,189,167,96,54,88,103
"Pver_gene_g14955",251,412,363,366,1081,464,334,999
"Pver_gene_g14968",0,0,0,0,79,13,21,57
"Pver_gene_g14975",258,325,359,179,86,47,52,75
"Pver_gene_g14976",918,1181,1442,975,553,198,231,499
"Pver_gene_g14977",0,0,0,0,35,26,28,38
"Pver_gene_g14978",233,331,263,159,49,19,49,30
"Pver_gene_g14986",0,0,0,0,35,32,33,34
"Pver_gene_g14983",244,308,330,170,66,62,102,49
"Pver_gene_g14990",352,426,362,348,1663,394,512,1653
"Pver_gene_g14999",828,1067,1261,1023,295,66,110,285
"Pver_gene_g15000",0,25,17,15,56,59,66,99
"Pver_gene_g15041",360,321,446,278,169,44,104,89
"Pver_gene_g15042",200,248,315,194,76,5,27,49
"Pver_gene_g15039",251,381,454,313,2914,861,1100,2603
"Pver_gene_g15015",0,34,16,0,175,26,177,255
"Pver_gene_g15019",123,119,161,134,44,0,24,57
"Pver_gene_g15021",2344,3479,2979,1930,1809,649,809,1318
"Pver_gene_g15025",68,82,143,82,302,111,147,268
"Pver_gene_g15026",332,422,495,326,2183,357,727,1981
"Pver_gene_g15063",100,143,206,125,1487,220,484,1064
"Pver_gene_g15066",2222,2516,2745,2276,155,18,134,133
"Pver_gene_g15079",16,27,24,37,118,25,64,118
"Pver_gene_g15085",15,0,0,0,87,22,88,169
"Pver_gene_g15136",0,0,8,0,93,16,31,96
"Pver_gene_g15097",9,24,94,14,12505,2602,4235,12520
"Pver_gene_g15101",241,160,167,115,23,7,44,12
"Pver_gene_g15102",2556,2926,3845,2355,408,46,260,153
"Pver_gene_g15171",21,17,22,38,311,72,142,287
"Pver_gene_g15174",0,0,0,0,70,25,32,60
"Pver_gene_g15175",0,0,0,0,24,16,19,25
"Pver_gene_g15154",15,2,0,2,68,8,131,82
"Pver_gene_g15155",38,25,38,23,200,30,250,181
"Pver_gene_g15195",0,0,17,0,64,92,134,87
"Pver_gene_g15194",36,58,64,52,184,338,326,309
"Pver_gene_g15197",0,0,8,0,1291,727,490,1127
"Pver_gene_g15198",0,0,0,0,15,11,22,16
"Pver_gene_g15199",211,163,204,158,13,7,13,19
"Pver_gene_g15200",0,0,0,0,86,48,226,283
"Pver_gene_g15210",0,0,0,0,34,73,104,124
"Pver_gene_g15185",103,279,289,250,98,37,70,46
"Pver_gene_g15186",0,0,0,0,103,33,50,63
"Pver_gene_g15189",183,180,285,126,1077,205,414,1071
"Pver_gene_g15214",21,58,71,32,158,67,71,230
"Pver_novel_gene_576_5de57afd",524,504,616,523,72,3,74,80
"Pver_gene_g15226",129,142,182,136,494,100,210,437
"Pver_gene_g15233",0,0,0,0,319,61,131,288
"Pver_gene_g15246",0,0,16,0,153,41,59,117
"Pver_gene_g15264",0,0,0,0,32,15,12,22
"Pver_gene_g15269",0,0,0,0,21,19,25,37
"Pver_gene_g15266",394,402,754,489,3022,724,1098,3120
"Pver_gene_g15275",962,920,1019,607,169,54,114,212
"Pver_gene_g15292",2205,1717,2019,1449,83,20,55,26
"Pver_gene_g15291",52,50,96,43,272,105,246,305
"Pver_gene_g15283",354,513,531,386,146,57,92,181
"Pver_gene_g15286",0,0,0,0,106,28,14,117
"Pver_gene_g15287",0,0,0,0,216,45,81,241
"Pver_gene_g15322",48,8,28,21,527,145,193,432
"Pver_gene_g15353",0,6,0,0,135,30,65,128
"Pver_gene_g15308",23,45,63,66,244,48,89,132
"Pver_gene_g15311",173,182,231,117,450,185,332,399
"Pver_gene_g15315",60,104,78,54,176,70,113,144
"Pver_gene_g15316",29,47,271,0,16019,2920,4908,16755
"Pver_gene_g15351",0,32,50,23,328,137,112,150
"Pver_gene_g15352",0,0,0,0,231,207,204,294
"Pver_gene_g15340",116,193,221,136,41,19,37,109
"Pver_gene_g15342",229,288,365,181,100,28,97,74
"Pver_gene_g15357",48,39,55,29,255,49,68,183
"Pver_gene_g15358",211,149,143,94,0,0,23,17
"Pver_gene_g15370",0,0,0,0,13,18,11,47
"Pver_gene_g15372",11,10,0,0,178,24,76,95
"Pver_gene_g15377",477,487,417,290,311,123,267,262
"Pver_gene_g15395",0,0,0,0,57,19,101,85
"Pver_gene_g15396",603,725,953,855,545,141,257,562
"Pver_gene_g15382",0,30,19,0,398,68,154,283
"Pver_gene_g15385",0,18,19,6,323,132,138,240
"Pver_gene_g15386",35,85,65,83,349,100,174,217
"Pver_gene_g15403",0,0,0,0,173,50,107,207
"Pver_gene_g15407",21,0,60,17,3938,498,672,3250
"Pver_gene_g15408",525,725,896,666,486,134,311,471
"Pver_gene_g15430",0,0,0,0,34,14,36,88
"Pver_gene_g15441",653,738,882,602,3382,679,968,2566
"Pver_gene_g15452",381,319,396,223,254,61,152,339
"Pver_gene_g15453",196,131,169,158,72,33,46,48
"Pver_gene_g15454",202,212,251,191,87,27,63,53
"Pver_gene_g15457",252,386,562,395,181,26,78,162
"Pver_gene_g15458",0,0,0,0,146,37,170,73
"Pver_gene_g15473",13,4,9,11,98,18,23,104
"Pver_gene_g15476",182,159,303,170,59,12,34,29
"Pver_gene_g15482",1035,1305,1859,1361,943,309,443,777
"Pver_gene_g15497",0,47,31,32,452,97,204,401
"Pver_gene_g15498",0,0,3,0,36,20,57,31
"Pver_gene_g15506",0,0,0,0,73,107,35,111
"Pver_gene_g15513",171,185,218,150,146,45,54,106
"Pver_gene_g15519",61,69,66,22,226,51,103,177
"Pver_gene_g15518",6,27,26,13,196,72,90,209
"Pver_gene_g15522",127,150,199,110,34,42,47,69
"Pver_gene_g15523",24,39,53,36,415,157,195,439
"Pver_gene_g15531",215,111,186,115,80,16,55,44
"Pver_gene_g15551",119,150,175,107,51,13,32,8
"Pver_gene_g15562",153,208,272,164,495,142,213,364
"Pver_gene_g15578",800,883,804,480,137,23,86,170
"Pver_gene_g15539",0,15,17,0,72,25,73,98
"Pver_novel_gene_589_5de57afd",122,106,181,46,443,166,402,535
"Pver_gene_g15540",107,135,140,135,120,26,22,42
"Pver_gene_g15541",128,95,167,90,233,119,213,248
"Pver_gene_g15544",18,0,0,0,243,88,105,270
"Pver_gene_g15546",0,0,0,0,2552,325,487,1928
"Pver_gene_g15577",0,0,25,0,94,63,519,257
"Pver_gene_g15579",70,140,71,61,491,283,533,583
"Pver_gene_g15580",139,198,301,127,388,128,282,402
"Pver_gene_g15599",265,299,374,239,56,0,49,71
"Pver_gene_g15601",0,0,0,0,29,17,54,73
"Pver_gene_g15600",174,162,210,114,132,31,66,100
"Pver_gene_g15626",349,410,407,315,193,71,62,200
"Pver_gene_g15629",0,0,0,0,77,74,42,97
"Pver_gene_g15638",649,736,758,434,157,32,83,170
"Pver_gene_g15639",0,9,4,4,473,239,215,724
"Pver_gene_g15640",218,207,192,162,48,32,53,30
"Pver_gene_g15642",284,223,288,242,636,226,364,738
"Pver_gene_g15643",149,106,133,124,7,0,7,11
"Pver_gene_g15654",54,94,83,86,126,206,226,185
"Pver_gene_g15656",0,0,0,0,383,349,194,313
"Pver_gene_g15657",211,313,356,248,948,239,561,1137
"Pver_gene_g15658",45,74,104,80,507,116,142,480
"Pver_gene_g15669",160,119,194,90,32,0,47,22
"Pver_gene_g15670",109,172,145,116,12,0,0,0
"Pver_gene_g15677",180,162,228,134,5661,1515,2693,5331
"Pver_gene_g15679",19,70,33,13,193,36,149,128
"Pver_gene_g15680",0,12,48,25,1232,204,478,1077
"Pver_gene_g15691",65,31,107,48,9,0,21,14
"Pver_gene_g15705",1344,1977,2532,1984,81,0,19,40
"Pver_gene_g15708",0,0,0,0,45,30,15,60
"Pver_gene_g15702",29,55,68,70,281,134,91,275
"Pver_gene_g15743",56,31,87,40,36,4,17,17
"Pver_gene_g15744",0,0,0,0,37,17,20,104
"Pver_gene_g15747",816,738,1054,809,281,125,136,228
"Pver_gene_g15748",134,133,216,146,54,14,52,61
"Pver_gene_g15739",0,9,0,0,81,91,135,53
"Pver_gene_g15755",0,0,0,0,227,50,73,208
"Pver_gene_g15719",411,744,824,573,105,13,79,58
"Pver_gene_g15721",23,0,0,0,351,41,180,517
"Pver_gene_g15724",141,129,166,57,364,92,254,323
"Pver_gene_g15765",273,154,153,128,28,0,7,21
"Pver_gene_g15767",0,0,11,0,83,82,51,106
"Pver_gene_g15766",37,76,68,31,424,93,181,334
"Pver_gene_g15757",0,0,23,0,7235,2567,1099,7851
"Pver_gene_g15789",28,32,39,25,388,109,133,326
"Pver_gene_g15784",0,0,0,0,54,19,23,50
"Pver_gene_g15788",0,30,159,52,11661,2360,3753,10467
"Pver_gene_g15803",97,119,78,41,635,217,259,538
"Pver_gene_g15813",0,0,0,0,246,153,326,416
"Pver_gene_g15814",140,115,129,79,1038,426,604,918
"Pver_gene_g15815",0,0,0,0,44,17,63,65
"Pver_gene_g15816",0,0,0,6,48,26,37,87
"Pver_gene_g15822",0,0,0,0,39,13,16,31
"Pver_gene_g15823",0,0,0,0,22,11,16,86
"Pver_gene_g15819",0,0,10,0,119,23,48,99
"Pver_gene_g15843",207,272,390,291,32,34,39,120
"Pver_gene_g15842",470,578,747,487,223,140,64,244
"Pver_gene_g15844",257,193,225,122,134,24,60,117
"Pver_gene_g15851",0,0,0,0,64,35,27,64
"Pver_gene_g15829",1008,1047,1316,1038,328,100,297,442
"Pver_gene_g15831_gene_g15832",70,72,61,84,237,134,177,234
"Pver_gene_g15835",139,122,76,35,12,0,15,23
"Pver_gene_g15847",177,207,217,167,150,39,46,139
"Pver_gene_g15856",191,144,92,113,0,0,0,0
"Pver_gene_g15854",513,910,1148,656,550,209,271,579
"Pver_gene_g15855",184,229,113,105,95,21,55,40
"Pver_gene_g15903",0,0,0,0,78,11,75,41
"Pver_gene_g15912",11,14,31,27,0,0,0,0
"Pver_gene_g15900",0,0,0,0,43,30,62,54
"Pver_gene_g15914",0,0,0,0,199,80,173,148
"Pver_gene_g15916",0,19,15,0,488,106,267,728
"Pver_gene_g15924",0,0,0,0,54,22,21,68
"Pver_gene_g15926",0,0,0,0,303,149,62,334
"Pver_gene_g15927",69,59,78,67,781,243,465,746
"Pver_gene_g15941",588,981,1327,906,3284,646,1160,2277
"Pver_gene_g15942",64,156,129,125,799,392,394,674
"Pver_novel_gene_604_5de57afd",0,12,7,0,86,39,48,107
"Pver_gene_g15944",282,241,359,285,83,15,87,107
"Pver_gene_g15951",318,372,383,232,100,78,95,83
"Pver_gene_g15987",1274,1270,1485,878,1020,261,234,730
"Pver_gene_g15990",40,38,89,36,460,110,209,360
"Pver_gene_g16009",153,138,221,164,84,28,33,138
"Pver_gene_g16008",0,0,0,0,138,18,38,120
"Pver_gene_g16014",59,71,105,67,40,0,14,33
"Pver_gene_g16027",0,0,0,0,105,20,38,157
"Pver_gene_g16030",462,685,733,455,249,92,182,241
"Pver_novel_gene_611_5de57afd",138,188,173,99,94,21,39,134
"Pver_gene_g16032",0,38,0,27,315,196,236,296
"Pver_gene_g16045",0,0,0,0,112,16,137,197
"Pver_gene_g16053",137,151,205,105,0,0,4,19
"Pver_gene_g16054",36,7,56,38,428,90,188,325
"Pver_gene_g16055",14,26,27,0,207,107,185,160
"Pver_gene_g16061",0,0,0,0,79,20,24,118
"Pver_gene_g16062",896,988,981,714,87,15,50,101
"Pver_gene_g16063",134,202,114,113,62,29,20,34
"Pver_gene_g16091",0,0,0,0,35,27,23,66
"Pver_gene_g16092",0,0,0,0,61,15,28,45
"Pver_gene_g16088",0,0,0,10,2118,401,1636,1762
"Pver_gene_g16107",0,0,0,0,17,15,26,34
"Pver_gene_g16104",82,183,165,135,26,0,45,13
"Pver_gene_g16117",0,0,0,0,610,297,379,676
"Pver_gene_g16119",0,0,0,0,47,18,17,54
"Pver_gene_g16096",0,0,46,0,4580,880,2675,7200
"Pver_gene_g16097",0,23,55,0,4603,948,2646,7066
"Pver_gene_g16120",0,0,0,0,194,67,110,314
"Pver_gene_g16118",0,0,0,0,113,24,53,128
"Pver_gene_g16123",158,136,154,100,1005,223,365,1017
"Pver_gene_g16133",0,0,0,0,60,29,66,105
"Pver_gene_g16137",347,386,269,302,91,15,107,97
"Pver_gene_g16138",428,689,566,479,281,80,111,238
"Pver_novel_gene_613_5de57afd",42,74,125,82,45,2,5,25
"Pver_gene_g16143",0,0,0,0,37,15,15,15
"Pver_gene_g16145",285,403,366,382,139,7,47,116
"Pver_gene_g16157",12,32,17,14,83,39,57,65
"Pver_gene_g16159",280,355,397,287,280,127,166,246
"Pver_gene_g16161",173,400,291,216,919,290,452,828
"Pver_gene_g16165",235,177,305,177,866,118,379,722
"Pver_gene_g16173",129,198,203,121,62,27,40,64
"Pver_gene_g16174",0,0,15,0,1048,219,387,1642
"Pver_gene_g16181",0,0,0,0,17,12,36,27
"Pver_gene_g16189",0,16,12,0,99,15,56,143
"Pver_gene_g16203",36,22,13,25,174,38,208,179
"Pver_gene_g16215",0,0,0,0,292,13,289,130
"Pver_gene_g16231",267,295,307,186,42,0,31,0
"Pver_gene_g16233",0,0,16,0,121,18,115,134
"Pver_gene_g16269",278,468,263,214,775,245,455,565
"Pver_gene_g16274",0,14,0,0,134,66,84,196
"Pver_gene_g16279",164,290,298,181,65,15,59,53
"Pver_gene_g16301",0,0,0,0,61,114,152,44
"Pver_gene_g16304",1209,1446,1692,1366,839,139,233,595
"Pver_gene_g16320",373,337,458,224,243,81,87,170
"Pver_gene_g16310",90,98,156,85,66,22,39,56
"Pver_gene_g16311",4067,4058,5839,3674,22321,4443,8923,19312
"Pver_gene_g16315",301,417,577,449,178,90,130,197
"Pver_gene_g16339",11,27,35,16,0,0,4,0
"Pver_gene_g16388",999,1217,1357,947,101,0,124,90
"Pver_gene_g16390",80,65,58,56,212,54,88,401
"Pver_gene_g16385",0,0,0,0,29,33,49,76
"Pver_gene_g16359",0,11,0,0,139,90,61,175
"Pver_gene_g16361",882,681,1020,732,4161,1413,3128,5526
"Pver_gene_g16362",1224,1412,1395,1036,1255,272,511,1172
"Pver_gene_g16364",503,599,714,497,354,137,123,312
"Pver_gene_g16391",0,0,0,0,213,172,68,423
"Pver_gene_g16393",0,0,0,0,1535,687,349,3000
"Pver_gene_g16400",0,0,0,0,41,17,32,79
"Pver_gene_g16403",624,451,550,445,54,7,8,37
"Pver_gene_g16405",0,0,0,0,105,189,193,79
"Pver_gene_g16406",76,118,108,28,268,187,178,365
"Pver_gene_g16415",102,204,210,167,1129,326,449,1112
"Pver_gene_g16425",0,0,0,0,11,13,12,21
"Pver_gene_g16429",0,0,0,0,42,83,150,95
"Pver_gene_g16440",497,668,911,465,1091,567,872,1062
"Pver_gene_g16458",0,12,18,22,409,156,168,385
"Pver_gene_g16475",26,13,0,14,142,107,197,255
"Pver_gene_g16485",1031,1055,1155,717,49,0,18,21
"Pver_gene_g16484",48,30,38,38,115,204,388,93
"Pver_gene_g16496",177,191,122,140,625,347,372,1395
"Pver_gene_g16476",69,58,126,80,806,182,327,1292
"Pver_gene_g16522",334,314,479,386,239,44,91,102
"Pver_gene_g16527",294,491,540,327,267,81,156,250
"Pver_gene_g16498",394,410,425,198,293,72,83,269
"Pver_gene_g16500",148,232,262,218,129,38,50,93
"Pver_gene_g16502",2091,1701,1772,1338,477,96,389,544
"Pver_gene_g16536",0,9,9,13,136,28,38,73
"Pver_gene_g16544",194,255,242,145,187,33,95,199
"Pver_gene_g16548",214,349,390,263,2232,404,948,2095
"Pver_gene_g16551",130,127,108,125,73,19,39,77
"Pver_gene_g16555",109,63,58,32,31,11,21,20
"Pver_gene_g16582",47,46,125,45,221,51,90,223
"Pver_gene_g16563",111,204,232,180,21,16,24,111
"Pver_gene_g16565",125,67,59,42,623,240,439,538
"Pver_gene_g16574",6,0,8,0,75,16,25,24
"Pver_gene_g16575",23,31,7,4,100,64,55,56
"Pver_gene_g16591",82,287,289,194,3619,1213,1767,3108
"Pver_gene_g16594",0,0,0,0,32,18,59,26
"Pver_gene_g16595",0,0,0,0,461,301,110,492
"Pver_gene_g16599",336,581,509,395,1048,408,609,1104
"Pver_gene_g16601",48,92,120,64,512,144,162,540
"Pver_gene_g16602",290,431,413,394,1264,333,572,1309
"Pver_gene_g16604",346,271,281,203,135,75,56,142
"Pver_gene_g16615",0,0,0,0,755,174,324,1691
"Pver_gene_g16616",0,0,0,0,823,427,478,1376
"Pver_gene_g16613",0,0,27,0,3623,1261,1443,5904
"Pver_gene_g16628",35,102,90,66,280,106,217,269
"Pver_gene_g16629",28,14,11,12,207,24,31,124
"Pver_gene_g16630",391,422,420,304,774,296,567,794
"Pver_gene_g16633",395,585,667,490,3654,583,1618,3622
"Pver_gene_g16640",0,5,0,0,124,39,81,131
"Pver_gene_g16642",29,47,99,45,253,123,183,184
"Pver_gene_g16658",43,47,23,65,205,64,64,170
"Pver_gene_g16659",0,0,0,0,23,11,38,27
"Pver_gene_g16662",586,612,940,580,221,36,115,257
"Pver_gene_g16676",75,58,44,25,256,21,155,224
"Pver_gene_g16666",0,24,23,12,216,91,166,215
"Pver_gene_g16667",0,25,142,37,10679,4138,4648,10082
"Pver_gene_g16688",108,174,156,101,64,36,68,46
"Pver_gene_g16687",165,378,335,234,94,17,34,69
"Pver_gene_g16689",930,976,1032,642,89,0,74,103
"Pver_gene_g16691",0,0,0,0,154,108,23,152
"Pver_gene_g16698",0,44,86,31,315,185,237,407
"Pver_gene_g16711",88,95,84,70,251,83,299,301
"Pver_gene_g16715",578,970,918,667,270,94,61,307
"Pver_gene_g16743",0,0,0,0,145,11,73,169
"Pver_gene_g16744",6,0,0,0,145,44,103,70
"Pver_novel_gene_634_5de57afd",0,3,2,0,100,66,41,215
"Pver_gene_g16748",21,73,56,40,7,7,3,0
"Pver_gene_g16753",0,0,0,0,22,17,25,84
"Pver_gene_g16758",0,0,0,4,64,18,71,93
"Pver_gene_g16783",194,111,143,69,14,0,28,39
"Pver_gene_g16785",429,544,515,433,123,45,156,212
"Pver_gene_g16784",113,75,76,66,22,6,14,0
"Pver_gene_g16786",61,124,89,64,388,53,300,451
"Pver_gene_g16794",0,19,37,12,143,33,94,297
"Pver_gene_g16795",136,189,194,92,73,34,74,87
"Pver_gene_g16798",108,36,41,29,0,0,0,0
"Pver_gene_g16804",0,0,0,0,36,12,32,43
"Pver_gene_g16816",31,18,20,23,126,40,37,62
"Pver_gene_g16824",0,0,0,0,16,11,19,20
"Pver_gene_g16822",396,368,310,232,114,63,115,119
"Pver_gene_g16833",246,136,97,88,20,0,0,0
"Pver_gene_g16834",0,0,0,0,206,54,47,153
"Pver_gene_g16851",0,0,0,0,39,23,24,41
"Pver_gene_g16874",0,0,0,0,775,232,512,1163
"Pver_gene_g16889",0,0,0,0,198,96,83,220
"Pver_gene_g16890",365,622,608,423,225,105,238,248
"Pver_gene_g16901",95,43,59,43,304,100,154,295
"Pver_gene_g16934",0,0,0,0,240,16,206,208
"Pver_gene_g16935",0,0,0,0,430,26,520,473
"Pver_gene_g16936",0,0,0,0,51,15,84,38
"Pver_gene_g16937",0,18,55,31,7506,1566,2231,7232
"Pver_gene_g16949",0,0,0,0,76,28,50,141
"Pver_gene_g16958",25,71,39,57,274,112,125,206
"Pver_gene_g16968",0,6,21,0,231,41,189,183
"Pver_gene_g16978",0,0,0,0,28,17,45,39
"Pver_gene_g17007",0,0,0,0,47,17,36,79
"Pver_gene_g17008",0,0,0,0,152,33,41,70
"Pver_gene_g17005",327,368,440,283,179,62,116,140
"Pver_gene_g17010",0,0,0,0,86,58,159,112
"Pver_gene_g16991",45,36,23,19,134,37,62,175
"Pver_gene_g16997",0,4,0,0,179,34,87,193
"Pver_gene_g17026",59,112,93,68,6,0,0,0
"Pver_gene_g17017",184,184,237,165,106,40,124,82
"Pver_gene_g17018",1306,1427,1385,897,382,65,267,398
"Pver_gene_g17019",0,0,0,0,147,27,42,90
"Pver_gene_g17032",0,0,22,0,996,587,706,2605
"Pver_gene_g17039",0,0,0,0,477,161,96,657
"Pver_gene_g17049",0,0,0,0,182,47,66,265
"Pver_gene_g17036",0,24,53,0,1141,152,617,1280
"Pver_gene_g17037",0,0,0,0,148,42,57,185
"Pver_gene_g17038",0,0,18,0,2039,1242,764,5255
"Pver_gene_g17079",327,400,570,429,223,115,191,243
"Pver_gene_g17074",0,0,0,0,27,31,13,51
"Pver_gene_g17075",73,52,83,39,388,229,524,661
"Pver_gene_g17091",0,0,0,0,30,36,44,28
"Pver_gene_g17106",6178,5440,6334,4557,0,0,0,0
"Pver_gene_g17111",1719,1601,1855,1405,635,194,200,543
"Pver_gene_g17119",120,109,110,94,0,8,20,18
"Pver_gene_g17117",0,0,0,0,473,144,152,344
"Pver_gene_g17120",241,218,197,151,411,191,399,448
"Pver_gene_g17127",678,467,531,329,128,62,105,143
"Pver_gene_g17121",106,71,115,81,27,14,26,8
"Pver_gene_g17126",0,0,0,0,58,18,17,20
"Pver_gene_g17129",303,434,615,367,219,57,92,118
"Pver_gene_g17157",0,0,0,0,46,14,40,25
"Pver_gene_g17169",18,17,36,33,118,60,107,94
"Pver_gene_g17174",0,0,0,0,131,18,65,58
"Pver_gene_g17173",266,236,268,206,182,44,111,178
"Pver_gene_g17176",21637,19616,21931,14933,4333,454,2379,4317
"Pver_gene_g17193",0,0,0,0,28,40,72,64
"Pver_gene_g17195",0,0,0,0,87,20,22,66
"Pver_gene_g17196",0,6,12,0,295,118,95,279
"Pver_gene_g17250",18,18,21,0,121,67,89,147
"Pver_gene_g17257",0,0,8,0,131,20,187,100
"Pver_gene_g17251",0,44,71,58,750,246,354,748
"Pver_gene_g17259",339,449,443,304,296,56,112,260
"Pver_gene_g17260",342,320,390,249,19,10,0,42
"Pver_gene_g17282",6,8,0,0,60,50,75,72
"Pver_gene_g17291",0,0,0,0,453,198,249,783
"Pver_gene_g17302",80,149,158,69,49,17,26,50
"Pver_gene_g17305",0,0,0,0,15,18,59,19
"Pver_gene_g17313",56,18,54,42,200,43,117,182
"Pver_gene_g17323",276,282,371,268,43,0,50,71
"Pver_gene_g17331",245,332,298,224,52,22,83,99
"Pver_gene_g17342",0,0,0,0,179,49,65,320
"Pver_gene_g17350",38,31,22,0,239,53,228,452
"Pver_gene_g17366",0,0,0,0,547,146,534,713
"Pver_gene_g17356",33,70,33,22,0,0,0,0
"Pver_gene_g17360",10,6,12,4,53,5,27,31
"Pver_gene_g17377",35,41,72,37,528,121,428,757
"Pver_gene_g17381",0,0,0,0,129,69,62,89
"Pver_gene_g17382",606,728,838,747,29,0,47,84
"Pver_gene_g17384",50,93,39,51,709,129,542,935
"Pver_gene_g17386",224,139,126,65,846,560,274,596
"Pver_gene_g17388",0,0,0,0,132,35,36,202
"Pver_gene_g17406",92,115,160,55,858,273,281,894
"Pver_gene_g17409",0,0,0,0,100,40,94,112
"Pver_gene_g17407",71,124,113,84,310,69,189,279
"Pver_gene_g17411",0,0,0,4,66,17,58,150
"Pver_gene_g17401",560,763,844,494,623,178,193,548
"Pver_gene_g17430",119,99,100,33,9,0,14,13
"Pver_gene_g17421",446,501,511,355,153,73,155,139
"Pver_gene_g17423",530,597,627,374,5324,1055,1879,4994
"Pver_gene_g17442",908,1049,1457,850,257,74,116,350
"Pver_gene_g17460",151,144,152,111,55,0,37,26
"Pver_gene_g17463",0,9,0,0,27,47,54,57
"Pver_gene_g17472",45,41,19,48,342,211,225,220
"Pver_gene_g17478",0,0,0,0,63,108,46,136
"Pver_gene_g17475",0,0,0,0,105,11,79,68
"Pver_gene_g17482",0,0,0,0,236,101,297,452
"Pver_gene_g17489",157,226,298,346,22,14,26,17
"Pver_gene_g17490",0,0,0,0,222,52,83,232
"Pver_gene_g17500",143,144,175,156,92,30,85,61
"Pver_gene_g17507",127,217,162,113,114,39,55,91
"Pver_gene_g17527",0,0,0,0,48,14,19,78
"Pver_novel_gene_664_5de57afd",0,0,0,0,87,12,30,108
"Pver_gene_g17545",22,21,16,26,162,14,132,163
"Pver_gene_g17555",0,126,244,179,19719,4889,5767,20460
"Pver_gene_g17573",215,225,278,124,0,6,33,38
"Pver_gene_g17575",0,0,0,0,21,11,14,32
"Pver_gene_g17571",0,0,0,0,343,69,175,461
"Pver_gene_g17569",224,167,214,129,431,146,248,379
"Pver_gene_g17576",0,0,0,0,45,23,88,36
"Pver_gene_g17562",0,0,0,0,87,35,82,53
"Pver_gene_g17563",0,81,156,102,2651,586,815,2343
"Pver_gene_g17564",161,87,113,74,33,13,24,66
"Pver_gene_g17568",25,0,16,23,311,21,81,249
"Pver_gene_g17603",43,60,57,44,1,3,8,5
"Pver_novel_gene_668_5de57afd",29,4,18,6,264,69,109,352
"Pver_gene_g17638",101,92,67,65,19,11,15,43
"Pver_gene_g17637",21,13,53,22,161,90,109,139
"Pver_gene_g17646",0,0,3,0,40,11,19,35
"Pver_gene_g17658",0,0,0,0,51,32,17,33
"Pver_gene_g17676",49,82,65,64,283,60,100,216
"Pver_gene_g17683",7,22,11,14,109,10,33,79
"Pver_gene_g17682",67,82,60,21,183,37,114,206
"Pver_gene_g17690",0,0,0,0,60,27,65,111
"Pver_gene_g17677",0,0,13,21,161,75,159,183
"Pver_gene_g17680",65,91,75,82,168,78,127,348
"Pver_gene_g17681",0,12,0,34,435,102,209,313
"Pver_gene_g17716",0,13,0,5,101,30,55,116
"Pver_gene_g17733",0,0,0,0,30,14,11,28
"Pver_gene_g17736",0,0,0,0,21,14,28,21
"Pver_gene_g17742",286,340,341,196,49,82,98,91
"Pver_gene_g17738",63,59,88,50,0,0,0,0
"Pver_gene_g17741",0,0,0,0,76,137,63,139
"Pver_gene_g17744",177,335,310,198,167,54,153,152
"Pver_gene_g17751",0,0,0,0,111,54,60,110
"Pver_gene_g17752",0,0,11,0,150,46,101,131
"Pver_gene_g17758",50,73,75,35,384,79,97,472
"Pver_gene_g17763",544,579,622,467,154,67,169,243
"Pver_gene_g17768",18,11,16,21,360,42,158,231
"Pver_gene_g17782",576,704,704,399,1472,621,684,1387
"Pver_gene_g17788",345,560,566,382,119,27,63,118
"Pver_gene_g17790",0,22,23,14,60,71,97,106
"Pver_gene_g17800",0,0,0,0,31,72,105,87
"Pver_gene_g17802",12,35,37,15,65,41,66,170
"Pver_gene_g17817",24,27,33,33,572,89,367,595
"Pver_gene_g17841",120,97,94,40,306,79,156,228
"Pver_gene_g17822",44,59,34,27,120,58,118,97
"Pver_gene_g17825",0,0,0,0,121,54,96,120
"Pver_gene_g17856",0,40,70,33,346,90,158,318
"Pver_gene_g17864",29,23,35,18,79,42,64,94
"Pver_gene_g17878",48,66,58,67,125,59,148,172
"Pver_gene_g17900",5,12,68,16,386,30,155,219
"Pver_gene_g17902",16,58,30,32,120,37,104,152
"Pver_gene_g17915",85,92,105,79,183,76,231,215
"Pver_gene_g17949",177,268,333,418,1703,348,540,1521
"Pver_gene_g17963",45,65,47,43,166,41,120,180
"Pver_gene_g17974",137,188,191,103,111,18,50,91
"Pver_gene_g17977",0,0,0,0,3919,1084,2483,5104
"Pver_gene_g17994",60,31,63,57,0,0,0,0
"Pver_gene_g17997",0,0,0,0,244,82,185,391
"Pver_gene_g18038",0,0,0,0,123,75,191,205
"Pver_novel_gene_689_5de57afd",0,0,8,6,92,14,33,47
"Pver_gene_g18062",75,53,60,44,11,0,22,25
"Pver_gene_g18067",234,193,265,144,98,48,33,96
"Pver_gene_g18071",175,131,166,60,0,0,0,0
"Pver_gene_g18063",0,0,9,0,127,90,150,86
"Pver_gene_g18064",0,0,0,0,113,28,21,110
"Pver_gene_g18106",0,15,26,8,85,34,67,96
"Pver_gene_g18101",553,712,664,456,228,49,107,276
"Pver_gene_g18113",86,65,51,21,202,50,84,234
"Pver_gene_g18122",0,0,0,0,205,85,239,214
"Pver_gene_g18132",0,0,0,0,525,94,131,434
"Pver_gene_g18140",0,30,37,8,362,139,130,345
"Pver_gene_g18144",0,0,0,0,46,34,75,22
"Pver_novel_gene_691_5de57afd",742,593,799,435,234,19,140,458
"Pver_gene_g18184",74,45,80,63,223,69,175,249
"Pver_gene_g18178",208,185,239,195,72,14,38,102
"Pver_gene_g18192",0,0,5,0,56,14,66,96
"Pver_gene_g18185",149,159,225,161,454,209,211,521
"Pver_gene_g18199",28,14,7,0,238,101,178,212
"Pver_gene_g18231",0,51,30,23,432,469,291,629
"Pver_gene_g18247",16,18,16,0,89,22,63,79
"Pver_gene_g18257",162,300,236,210,55,8,77,34
"Pver_gene_g18268",8,11,31,14,79,25,81,95
"Pver_gene_g18270",185,217,243,209,16,0,53,20
"Pver_gene_g18286",0,6,21,0,185,111,84,86
"Pver_gene_g18314",0,0,0,0,109,43,78,172
"Pver_gene_g18311",264,313,335,276,505,209,325,547
"Pver_gene_g18318",0,0,0,0,508,179,171,569
"Pver_gene_g18343",15,35,31,0,128,75,79,135
"Pver_gene_g18369",0,0,22,10,216,36,112,238
"Pver_gene_g18392",0,31,19,7,351,88,174,184
"Pver_gene_g18414",281,232,293,234,64,29,89,166
"Pver_gene_g18421",0,0,0,0,107,48,102,249
"Pver_gene_g18435",0,6,0,0,550,102,190,724
"Pver_gene_g18443",44,75,74,96,422,439,441,350
"Pver_gene_g18480",0,3,11,0,57,25,66,57
"Pver_gene_g18484",19,19,28,14,231,57,185,360
"Pver_gene_g18489",0,0,13,0,4625,1712,3761,7170
"Pver_gene_g18492",11,19,0,23,212,50,98,217
"Pver_gene_g18495",243,171,205,165,124,23,88,128
"Pver_novel_gene_697_5de57afd",0,0,0,0,63,12,13,47
"Pver_gene_g18502",1089,2039,1882,1146,269,163,170,216
"Pver_gene_g18514",0,29,14,9,84,22,89,131
"Pver_gene_g18517",0,22,37,12,276,45,56,225
"Pver_gene_g18524",199,121,122,116,46,0,26,33
"Pver_gene_g18525",0,53,29,17,194,50,123,219
"Pver_gene_g18523",405,422,422,388,244,82,252,255
"Pver_gene_g18535",0,14,17,17,842,62,273,757
"Pver_gene_g18536",0,0,0,0,214,53,116,242
"Pver_gene_g18553",0,0,0,0,77,51,42,40
"Pver_gene_g18561",0,0,0,0,87,25,53,146
"Pver_gene_g18579",0,0,0,0,148,57,87,182
"Pver_gene_g18587",880,904,1011,648,60,0,39,33
"Pver_gene_g18586",150,231,213,198,128,54,90,107
"Pver_gene_g18606",122,339,324,272,0,0,0,24
"Pver_gene_g18607",0,14,21,8,89,20,56,130
"Pver_gene_g18608",0,0,18,0,361,143,436,724
"Pver_gene_g18609",301,615,816,473,1231,409,803,1702
"Pver_gene_g18619",690,737,1337,927,4292,1518,1409,8605
"Pver_novel_gene_700_5de57afd",0,0,0,0,235,126,65,218
"Pver_gene_g18670",102,167,212,96,81,30,50,70
"Pver_gene_g18685",0,0,0,0,1643,637,1126,2144
"Pver_gene_g18724",0,0,0,0,38,23,33,98
"Pver_gene_g18735",121,173,205,99,999,133,289,523
"Pver_gene_g18740",0,0,0,0,25,13,33,58
"Pver_gene_g18752",114,116,114,86,437,302,393,592
"Pver_gene_g18802",64,50,96,30,300,78,173,226
"Pver_gene_g18812",252,361,429,303,36,8,53,32
"Pver_gene_g18813",0,22,18,3,70,21,69,81
"Pver_gene_g18819",0,0,0,0,254,167,243,262
"Pver_gene_g18820",142,233,308,282,181,54,58,116
"Pver_gene_g18825",51,57,29,33,0,0,8,0
"Pver_gene_g18840",249,336,521,364,39,0,49,47
"Pver_gene_g18841",0,7,15,0,78,17,39,61
"Pver_gene_g18843",0,5,0,20,94,96,46,227
"Pver_gene_g18869",264,353,396,184,90,17,73,80
"Pver_gene_g18871",36,38,77,35,23,6,9,24
"Pver_gene_g18877",0,0,0,0,120,34,56,134
"Pver_gene_g18902",55,55,34,57,197,62,97,138
"Pver_gene_g18932",214,161,132,137,0,0,30,11
"Pver_gene_g18930",0,9,4,0,26,23,13,54
"Pver_gene_g18952",0,19,80,0,7142,2265,3512,7161
"Pver_gene_g18953",0,80,31,32,207,316,249,183
"Pver_gene_g18972",114,148,324,150,10379,1824,3401,10142
"Pver_gene_g19012",71,62,109,76,38,20,33,31
"Pver_gene_g19016",0,0,0,0,126,45,39,157
"Pver_gene_g19047",8,21,17,20,86,22,52,68
"Pver_gene_g19049",353,362,526,206,86,28,101,84
"Pver_gene_g19130",0,0,0,0,113,23,54,164
"Pver_gene_g19194",299,396,451,316,0,0,22,0
"Pver_gene_g19202",0,0,0,0,135,28,70,273
"Pver_gene_g19213",136,92,182,119,96,19,51,95
"Pver_gene_g19218",0,0,0,0,718,231,265,757
"Pver_gene_g19220",0,38,66,37,629,94,267,377
"Pver_gene_g19233",0,0,13,0,1755,351,495,2543
"Pver_gene_g19240",0,21,35,23,175,74,106,190
"Pver_gene_g19242",0,0,0,0,249,44,90,130
"Pver_gene_g19271",123,244,272,202,51,4,11,21
"Pver_gene_g19296",471,642,1034,661,323,146,140,375
"Pver_gene_g19318",0,10,10,9,30,16,42,54
"Pver_gene_g19349",22,138,152,136,636,337,450,762
"Pver_gene_g19377",98,156,191,119,72,30,29,69
"Pver_gene_g19382",122,236,347,292,93,37,139,98
"Pver_gene_g19490",0,0,0,0,255,60,139,249
"Pver_gene_g19538",0,15,10,0,141,17,39,95
"Pver_gene_g19539",0,0,0,0,2183,1385,768,2498
"Pver_gene_g19540",0,0,251,10,12673,4204,5230,12148
"Pver_gene_g19612",465,374,420,331,375,72,132,204
"Pver_gene_g19660",0,0,0,0,29,25,16,49
"Pver_gene_g19697",0,0,0,0,77,17,43,39
"Pver_gene_g19711",0,0,0,0,21,17,14,32
"Pver_gene_g19713",0,0,0,0,22,16,38,19
"Pver_gene_g19788",0,0,0,0,31,14,79,59
"Pver_gene_g19852",90,153,147,70,58,25,44,40
"Pver_gene_g19850",0,0,0,0,2818,490,1002,2761
"Pver_gene_g19896",12,16,0,7,51,14,43,120
"Pver_gene_g19924",0,17,19,0,750,115,211,659
"Pver_gene_g19935",0,0,0,0,25,14,20,28
"Pver_gene_g19949",99,144,116,50,6,0,12,0
"Pver_gene_g19946",6,9,0,0,51,21,28,31
"Pver_novel_gene_720_5de57afd",64,48,79,30,30,4,11,24
"Pver_gene_g20028",8,4,10,0,87,25,25,53
"Pver_gene_g20092",0,0,0,0,65,20,85,162
"Pver_gene_g20197",0,0,0,0,11,11,36,15
"Pver_gene_g20230",0,0,0,0,52,15,49,30
"Pver_novel_gene_722_5de57afd",114,78,136,88,1,2,3,2
"Pver_gene_g20299",3,0,0,0,11,11,37,50
"Pver_gene_g20317",85,115,162,102,0,0,0,0
"Pver_gene_g20422",14,23,12,26,0,0,0,0
"Pver_gene_g20600",0,0,0,0,42,22,35,40
"Pver_gene_g20853",0,0,0,0,99,33,23,93
"Pver_gene_g20918",0,1,0,5,95,35,79,228
"Pver_gene_g20998",0,0,0,0,75,34,52,80
"Pver_gene_g21049",0,0,0,0,113,16,29,40
"Pver_gene_g21050",0,0,1,0,52,12,158,25
"Pver_gene_g21170",119,57,39,52,611,128,375,935
"Pver_gene_g21265",0,7,5,6,57,85,184,61
"Pver_gene_g21268",0,0,0,0,96,15,98,718
"Pver_gene_g21371",0,0,0,0,290,42,45,128
"Pver_gene_g22765",0,0,0,0,36,15,47,40
"Pver_gene_g22764",0,0,0,0,103,182,89,100
"Pver_gene_g22766",20,15,23,0,145,40,62,198
"Pver_gene_g22768",146,189,180,162,152,37,91,154
"Pver_gene_g22782",622,1090,929,699,438,166,245,628
"Pver_gene_g22784",218,252,241,153,526,178,508,859
"Pver_gene_g22785",0,0,0,0,1144,266,750,1707
"Pver_gene_g22727",43,33,82,49,218,38,115,187
"Pver_gene_g22740",386,384,448,284,267,61,253,205
"Pver_gene_g22743",0,7,19,0,180,48,34,239
"Pver_gene_g22745",0,0,0,0,91,41,67,60
"Pver_gene_g22754",336,375,205,180,60,21,95,56
"Pver_gene_g22761",67,88,98,48,364,122,437,444
"Pver_gene_g22762",60,77,77,44,172,44,151,203
"Pver_gene_g22811",105,325,286,200,1321,91,980,1682
"Pver_gene_g22828",0,6,0,0,214,44,107,257
"Pver_gene_g22794",338,423,475,330,0,0,0,0
"Pver_novel_gene_742_5de57afd",0,0,0,0,466,78,166,244
"Pver_gene_g22801",108,105,94,40,39,0,23,10
"Pver_gene_g22804",348,308,323,232,1450,450,759,1205
"Pver_gene_g22807",50,34,14,0,268,84,130,281
"Pver_novel_gene_744_5de57afd",0,0,0,0,47,26,19,13
"Pver_gene_g22845",37,77,65,104,302,62,166,220
"Pver_gene_g22852",0,35,46,12,793,354,382,1144
"Pver_gene_g22853",0,0,0,0,94,23,93,52
"Pver_gene_g22855",107,54,84,67,387,48,125,434
"Pver_gene_g22858",17,81,101,83,1001,118,217,668
"Pver_gene_g22859",99,100,94,54,47,11,23,4
"Pver_gene_g22860_gene_g22862",0,14,0,0,91,58,83,119
"Pver_gene_g22864",172,154,144,136,92,28,46,133
"Pver_gene_g22888",134,182,215,108,56,26,63,94
"Pver_gene_g22889",647,867,1320,857,520,163,145,464
"Pver_gene_g22874",0,0,0,0,81,107,82,49
"Pver_gene_g22876",61,108,163,133,21,0,14,24
"Pver_gene_g22886",380,487,414,322,107,67,70,145
"Pver_gene_g22909",81,39,51,42,234,64,85,234
"Pver_gene_g22912",165,227,184,273,13,0,0,16
"Pver_gene_g22903",0,0,0,0,212,117,136,250
"Pver_gene_g22904",0,0,9,0,47,35,45,68
"Pver_gene_g22905",0,0,0,0,75,85,146,150
"Pver_gene_g22906",0,0,0,0,107,17,42,29
"Pver_gene_g22932",133,233,150,221,512,202,370,581
"Pver_gene_g22922",252,203,200,118,36,0,9,10
"Pver_gene_g22959",1459,1452,1845,1343,239,0,213,230
"Pver_gene_g22965",0,0,0,0,28,12,58,25
"Pver_gene_g22968",36,95,147,65,930,97,319,705
"Pver_gene_g22977",200,254,250,159,101,65,62,100
"Pver_gene_g22984",0,0,0,0,417,41,130,704
"Pver_gene_g22985",0,0,13,0,578,105,284,885
"Pver_gene_g23002",60,164,163,76,47,13,21,73
"Pver_gene_g23004",159,222,292,249,97,22,64,157
"Pver_gene_g23001",614,765,827,602,338,208,431,302
"Pver_gene_g23008",0,0,0,0,61,11,16,61
"Pver_gene_g23020",367,397,443,305,94,51,91,171
"Pver_gene_g23022",0,13,0,6,105,59,70,179
"Pver_gene_g22992",0,3,4,0,45,17,22,49
"Pver_gene_g22995",73,106,78,59,337,76,105,331
"Pver_gene_g22997",0,0,0,0,250,49,61,211
"Pver_gene_g22998",0,9,0,0,72,45,35,68
"Pver_gene_g23023",589,949,1292,1006,99,0,33,88
"Pver_gene_g23053",19,35,50,54,144,59,127,178
"Pver_gene_g23057",0,0,0,0,395,317,787,791
"Pver_gene_g23070",0,18,0,0,72,87,92,85
"Pver_gene_g23075",71,41,42,21,139,62,89,233
"Pver_gene_g23104",13,29,35,12,0,0,0,0
"Pver_gene_g23099",0,14,0,0,62,49,85,34
"Pver_gene_g23108",0,0,0,0,65,29,30,42
"Pver_novel_gene_753_5de57afd",0,0,0,0,31,12,16,41
"Pver_gene_g23091",57,20,62,41,182,49,94,217
"Pver_gene_g23095",33,26,57,6,119,37,113,137
"Pver_gene_g23096",0,0,0,0,188,25,48,94
"Pver_gene_g23097",97,43,183,47,10583,2493,3750,9524
"Pver_gene_g23145",0,0,0,0,26,17,36,21
"Pver_gene_g23149",0,0,0,0,15,41,37,53
"Pver_gene_g23183",44,119,61,59,32,9,25,18
"Pver_gene_g23184",174,121,192,110,35,0,29,31
"Pver_gene_g23186",0,18,11,0,177,52,61,162
"Pver_gene_g23197",37,70,56,61,11,9,0,17
"Pver_gene_g23203",0,0,4,0,71,21,22,40
"Pver_gene_g23209",515,704,690,434,1192,563,829,1452
"Pver_gene_g23223",550,722,936,445,2091,769,1761,1845
"Pver_gene_g23233",195,224,180,116,509,278,319,364
"Pver_gene_g23237",22,0,87,48,322,113,300,547
"Pver_gene_g23243",0,0,0,0,176,84,87,220
"Pver_gene_g23247",0,0,0,0,17,17,24,31
"Pver_gene_g23248",0,0,0,0,4489,435,990,4252
"Pver_gene_g23255",230,308,298,267,39,21,61,74
"Pver_gene_g23256",0,2,9,0,48,33,23,56
"Pver_gene_g23262",0,0,0,0,26,30,41,37
"Pver_gene_g23273",242,172,288,206,65,11,21,115
"Pver_gene_g23276",196,149,184,58,62,17,71,29
"Pver_gene_g23282",720,882,977,651,75,6,80,50
"Pver_gene_g23283",63,52,109,41,261,64,170,288
"Pver_gene_g23287",79,92,129,107,227,70,144,246
"Pver_gene_g23285",75,19,34,26,424,123,384,322
"Pver_gene_g23327",0,0,0,0,150,295,58,503
"Pver_gene_g23329",0,0,9,0,36,33,93,38
"Pver_gene_g23330",210,323,476,264,1201,274,639,1166
"Pver_gene_g23354",36,107,92,69,209,105,393,354
"Pver_gene_g23391",0,0,0,0,33,15,30,84
"Pver_gene_g23392",0,0,0,0,57,23,21,24
"Pver_gene_g23381",0,0,0,0,31,42,45,69
"Pver_gene_g23394",0,0,0,0,20,12,20,37
"Pver_gene_g23425",0,0,9,21,279,113,104,276
"Pver_gene_g23469",0,0,0,0,125,11,51,40
"Pver_gene_g23535",0,0,0,0,12,14,25,21
"Pver_gene_g23578",220,281,280,241,129,38,34,68
"Pver_gene_g23652",0,0,0,0,39,31,25,82
"Pver_gene_g23689",0,0,0,4,71,15,152,70
"Pver_gene_g23820",92,128,128,138,96,23,20,78
"Pver_gene_g24622",21,26,37,16,0,0,0,0
"Pver_gene_g24677",115,58,35,36,26,8,13,31
"Pver_gene_g25265",0,0,2,0,58,92,39,147
"Pver_gene_g25549",0,5,4,2,230,23,202,208
"Pver_gene_g25586",199,181,232,169,0,14,0,31
"Pver_gene_g25584",275,525,779,586,314,64,97,357
"Pver_gene_g25589",37,46,29,46,179,36,53,118
"Pver_gene_g25591",23,16,24,24,137,70,60,233
"Pver_gene_g25592",0,6,0,0,31,11,14,32
"Pver_gene_g25610",0,0,14,0,90,30,80,107
"Pver_gene_g25629",0,89,92,64,913,264,147,724
"Pver_gene_g25630",33,47,50,66,223,38,78,260
"Pver_gene_g25633",167,158,135,133,581,203,342,519
"Pver_gene_g25634",0,12,27,0,1925,600,619,1649
"Pver_gene_g25638",0,6,0,0,110,19,53,80
"Pver_gene_g25662",1260,1868,2209,1530,671,315,725,832
"Pver_gene_g25646",0,0,0,0,89,45,36,98
"Pver_gene_g25647",568,412,237,156,83,17,52,90
"Pver_gene_g25648",336,143,248,178,9408,2144,2836,9303
"Pver_gene_g25720",0,0,0,0,24,17,17,35
"Pver_gene_g25722",0,0,0,0,107,39,91,100
"Pver_gene_g25713",0,0,0,0,36,30,56,32
"Pver_gene_g25714",401,310,412,252,198,85,225,241
"Pver_gene_g25716",52,91,97,66,180,70,84,191
"Pver_gene_g25760",419,288,308,176,46,26,64,50
"Pver_gene_g25664",0,0,0,0,126,59,95,165
"Pver_gene_g25665",0,0,0,0,411,23,205,354
"Pver_gene_g25666",921,804,718,437,586,108,221,607
"Pver_gene_g25671",0,0,0,0,49,17,48,64
"Pver_gene_g25681",0,0,0,0,111,18,53,72
"Pver_gene_g25682",0,0,0,0,140,68,124,101
"Pver_gene_g25684",0,0,0,0,1161,352,659,837
"Pver_gene_g25686",40,35,44,37,71,31,94,137
"Pver_gene_g25691",343,509,650,605,2675,618,986,2214
"Pver_gene_g25755",132,156,185,86,15,0,24,0
"Pver_gene_g25758",44,124,110,101,286,131,166,250
"Pver_gene_g25740",0,0,0,0,84,18,17,124
"Pver_gene_g25771",33,50,42,36,143,32,107,104
"Pver_gene_g25764",152,108,116,89,338,158,320,432
"Pver_gene_g25765",0,0,7,0,76,27,42,67
"Pver_gene_g25779",0,0,0,11,182,25,56,139
"Pver_gene_g25804",76,47,43,43,13,0,0,0
"Pver_gene_g25839",0,0,0,0,484,200,217,464
"Pver_gene_g25780",30,17,19,0,339,90,91,257
"Pver_gene_g25783",133,139,184,91,76,12,41,31
"Pver_gene_g25786",170,215,268,138,631,222,193,483
"Pver_novel_gene_784_5de57afd",27,24,41,15,11,3,3,7
"Pver_gene_g25796",0,6,0,8,131,125,109,90
"Pver_gene_g25799",165,292,423,223,221,25,46,186
"Pver_gene_g25800",0,18,28,0,293,61,80,336
"Pver_gene_g25802",0,0,108,0,6983,1492,2030,6496
"Pver_gene_g25846",745,799,658,408,46,49,87,97
"Pver_gene_g25841",0,0,0,0,72,44,33,75
"Pver_gene_g25817",0,0,0,12,188,38,61,148
"Pver_gene_g25819",0,7,13,0,53,29,50,37
"Pver_gene_g25821",39,25,13,32,538,404,303,455
"Pver_gene_g25825",398,701,628,396,1710,793,1160,2322
"Pver_gene_g25826",436,388,511,379,307,85,153,409
"Pver_gene_g25829",1153,1015,728,399,70,75,85,101
"Pver_gene_g25830",0,0,0,0,3240,495,1018,2866
"Pver_gene_g25834",64,47,40,28,124,33,93,152
"Pver_gene_g25849",123,120,205,77,457,234,318,432
"Pver_gene_g25850",0,15,5,19,232,55,172,314
"Pver_gene_g25852",210,160,260,98,70,13,34,82
"Pver_gene_g25877",248,265,181,131,64,38,95,95
"Pver_gene_g25876",0,0,0,0,128,58,162,340
"Pver_gene_g25881",115,97,80,98,36,15,48,18
"Pver_gene_g25882",65,43,60,55,894,159,336,928
"Pver_gene_g25888",201,188,273,145,23,10,14,47
"Pver_gene_g25886",31,22,30,73,0,0,0,0
"Pver_gene_g25857",68,0,126,50,4324,1038,1977,5211
"Pver_gene_g25860",0,0,0,0,30,16,41,92
"Pver_gene_g25889",330,379,373,251,125,19,89,199
"Pver_gene_g25896",122,89,81,92,0,4,14,0
"Pver_gene_g25901",0,0,0,0,42,13,17,53
"Pver_gene_g25895",0,0,12,0,27,35,56,59
"Pver_gene_g25925",0,0,7,0,1388,253,272,1994
"Pver_gene_g25950",70,63,93,60,21,5,10,6
"Pver_gene_g25951",0,0,0,0,59,15,49,71
"Pver_gene_g25908",235,211,320,194,1929,420,910,1646
"Pver_gene_g25909",17,60,119,35,653,381,277,1010
"Pver_gene_g25916",82,75,105,79,873,115,290,789
"Pver_gene_g25917",226,316,344,275,1135,308,355,1174
"Pver_gene_g25927",152,311,279,206,620,275,427,579
"Pver_gene_g25928",320,197,267,152,1580,281,503,1214
"Pver_gene_g25929",155,357,297,218,1451,429,791,1272
"Pver_gene_g25932",0,0,0,0,65,29,36,52
"Pver_gene_g25933",23,22,13,21,70,39,64,47
"Pver_gene_g25940",0,0,0,0,20,17,29,44
"Pver_gene_g25976",1111,1115,1230,917,106,6,114,137
"Pver_gene_g25986",512,1008,1449,851,295,60,89,383
"Pver_gene_g25966",156,145,199,119,9,7,18,0
"Pver_gene_g25970",0,23,22,22,774,111,316,1122
"Pver_gene_g25987",8,0,7,0,1248,341,408,1207
"Pver_gene_g25988",5,12,25,22,93,12,41,79
"Pver_gene_g25990",37,100,47,60,772,114,200,949
"Pver_gene_g25996",0,0,0,0,134,32,27,114
"Pver_gene_g25999",0,0,0,0,2297,871,294,1725
"Pver_gene_g26037",71,124,152,103,28,2,0,0
"Pver_gene_g26053",38,77,117,55,294,116,220,474
"Pver_gene_g26054",71,76,97,97,1208,299,508,696
"Pver_gene_g26055",0,0,11,0,423,128,87,198
"Pver_gene_g26056",0,0,0,0,363,55,70,136
"Pver_gene_g26042",0,0,0,0,710,1003,593,705
"Pver_gene_g26043",0,0,0,0,106,35,56,98
"Pver_gene_g26045",0,0,0,0,31,19,32,97
"Pver_gene_g26046",0,24,31,16,144,58,75,231
"Pver_gene_g26075",44,49,45,17,303,57,95,363
"Pver_gene_g26016",0,13,58,40,7942,915,1521,7357
"Pver_novel_gene_787_5de57afd",0,0,0,0,95,27,34,101
"Pver_gene_g26017",42,18,49,16,162,80,113,238
"Pver_gene_g26023",355,362,488,277,360,75,68,121
"Pver_gene_g26029",129,75,66,40,543,104,817,652
"Pver_gene_g26032",94,68,102,46,295,180,367,477
"Pver_gene_g26081",218,325,393,317,1400,662,1154,1310
"Pver_gene_g26083",104,77,47,81,468,116,184,443
"Pver_gene_g26098",109,87,122,82,27,15,50,21
"Pver_gene_g26101",702,847,1098,713,88,43,91,62
"Pver_gene_g26104",0,0,0,0,62,35,39,40
"Pver_gene_g26097",55,84,65,40,1533,510,878,1341
"Pver_gene_g26107",0,0,0,0,58,64,34,59
"Pver_gene_g26106",0,0,0,0,253,193,127,343
"Pver_gene_g26109",0,0,0,0,167,121,213,250
"Pver_gene_g26129",0,0,6,0,139,107,177,190
"Pver_gene_g26145",0,0,0,0,169,23,54,155
"Pver_gene_g26144",0,0,0,0,184,131,155,225
"Pver_gene_g26110",8,25,20,21,68,45,70,87
"Pver_gene_g26148",79,110,136,63,439,56,121,390
"Pver_gene_g26151",0,0,0,0,30,18,56,13
"Pver_gene_g26150",0,0,0,0,51,28,37,90
"Pver_gene_g26152",62,44,64,28,213,37,72,170
"Pver_gene_g26154",789,828,1218,641,602,248,394,520
"Pver_gene_g26156",136,140,111,92,60,8,30,25
"Pver_gene_g26157",0,0,0,0,635,182,207,563
"Pver_gene_g26166",5,0,35,0,437,88,141,344
"Pver_gene_g26169",0,21,17,13,74,43,81,105
"Pver_gene_g26194",447,554,576,331,42,6,77,36
"Pver_gene_g26210",198,283,363,217,462,164,376,674
"Pver_gene_g26225",0,0,0,0,48,23,30,21
"Pver_gene_g26226",39,25,29,31,134,34,51,176
"Pver_gene_g26227",172,96,140,95,803,352,300,967
"Pver_gene_g26232",145,212,325,177,101,66,80,132
"Pver_gene_g26234",16,25,33,17,113,29,90,164
"Pver_gene_g26246",0,0,0,0,47,19,29,73
"Pver_gene_g26252",0,7,0,0,56,11,41,46
"Pver_gene_g26263",0,0,0,0,39,29,260,69
"Pver_gene_g26265",0,0,0,0,91,19,107,92
"Pver_gene_g26273",0,0,0,0,145,29,128,158
"Pver_gene_g26274",12,12,40,18,112,29,56,166
"Pver_gene_g26295",0,0,0,0,92,52,33,82
"Pver_gene_g26315",81,131,166,82,88,21,35,59
"Pver_gene_g26328",21,18,35,27,54,45,69,110
"Pver_gene_g26335",64,96,213,139,1082,162,263,1072
"Pver_gene_g26344",60,96,96,65,43,0,8,14
"Pver_gene_g26340",28,67,65,54,165,66,98,193
"Pver_gene_g26357",323,342,365,178,199,24,128,190
"Pver_gene_g26356",1050,1345,1120,926,20,29,29,19
"Pver_gene_g26376",0,0,0,0,200,46,132,392
"Pver_gene_g26377",0,0,0,0,997,264,503,1396
"Pver_gene_g26400",85,107,139,48,526,133,562,689
"Pver_gene_g26409",27,80,81,40,191,97,119,199
"Pver_gene_g26408",101,101,116,94,484,130,170,267
"Pver_gene_g26418",547,681,783,559,459,249,273,448
"Pver_gene_g26420",0,0,0,0,200,24,117,218
"Pver_gene_g26421",15,14,5,15,86,37,29,78
"Pver_gene_g26445",0,0,0,0,155,17,42,163
"Pver_gene_g26467",43,54,73,32,24,9,11,42
"Pver_gene_g26468",137,132,161,77,85,19,69,81
"Pver_gene_g26469",0,0,0,0,136,58,36,143
"Pver_gene_g26473",0,32,21,11,87,54,188,85
"Pver_gene_g26476",0,0,0,0,275,47,121,521
"Pver_gene_g26493",0,0,0,2,174,25,30,87
"Pver_gene_g26544",0,0,0,13,194,51,123,114
"Pver_gene_g26548",2163,2207,2954,2480,107,24,69,96
"Pver_gene_g26554",0,8,0,0,14,48,93,47
"Pver_gene_g26571",39,54,123,64,0,0,0,0
"Pver_gene_g26579",0,0,0,0,268,588,57,588
"Pver_gene_g26586",28,27,24,25,0,0,0,0
"Pver_gene_g26596",107,153,167,176,72,16,88,78
"Pver_gene_g26604",308,256,299,212,801,206,296,604
"Pver_gene_g26629",0,0,0,0,74,15,54,54
"Pver_gene_g26635",0,0,0,0,15,28,22,25
"Pver_gene_g26659",225,276,152,121,109,29,38,45
"Pver_gene_g26696",826,1303,1315,890,90,27,40,46
"Pver_gene_g758",20,23,47,24,0,0,0,0
"Pver_novel_gene_58_5de57afd",11,14,35,15,0,0,0,0
"Pver_gene_g3287",337,463,708,389,0,0,0,0
"Pver_gene_g3288",106,179,234,87,0,0,0,0
"Pver_gene_g3289",127,146,224,103,0,0,0,0
"Pver_gene_g3687",35,61,141,78,0,0,0,0
"Pver_gene_g4140",53,124,166,47,0,0,0,0
"Pver_gene_g4387",131,194,153,147,0,0,0,0
"Pver_gene_g4899",78,54,73,18,0,0,0,0
"Pver_gene_g7029",40,51,32,34,0,0,0,0
"Pver_gene_g8039",69,56,55,32,0,0,0,0
"Pver_gene_g10619",17,27,31,19,0,0,0,0
"Pver_gene_g12373",23,44,63,45,0,0,0,0
"Pver_gene_g12379",26,27,48,26,0,0,0,0
"Pver_gene_g12764",58,51,53,70,0,0,0,9
"Pver_gene_g13463",36,35,29,41,0,0,0,0
"Pver_gene_g13762",81,274,377,289,0,0,0,0
"Pver_gene_g13766",244,328,466,225,0,0,3,0
"Pver_gene_g14312",22,85,84,80,0,0,0,0
"Pver_gene_g14731",957,1156,1181,938,0,0,0,0
"Pver_gene_g15459",18,68,76,55,0,0,0,0
"Pver_gene_g17594",66,47,53,32,0,0,0,0
"Pver_gene_g18108",36,12,25,15,0,0,0,0
"Pver_gene_g18781",65,90,39,34,0,0,0,0
"Pver_gene_g19839",150,100,139,81,0,0,0,0
"Pver_gene_g19947",73,25,65,44,0,0,0,0
"Pver_gene_g20032",27,28,91,35,0,0,0,0
"Pver_gene_g20791",159,150,84,91,0,0,5,0
"Pver_gene_g26355",115,118,159,73,0,3,0,0
